timeline;application;%cpu_utilization;worker
0.0;dfsioe;37.81;0
5.0;dfsioe;47.36;0
10.0;dfsioe;44.57;0
15.0;dfsioe;23.53;0
20.0;dfsioe;42.74;0
25.0;dfsioe;88.33;0
30.0;dfsioe;90.69;0
35.0;dfsioe;82.22;0
40.0;dfsioe;83.98;0
45.0;dfsioe;76.46000000000001;0
50.0;dfsioe;43.78;0
55.0;dfsioe;36.37;0
60.0;dfsioe;41.09;0
65.0;dfsioe;63.92;0
70.0;dfsioe;83.31;0
75.0;dfsioe;51.33;0
80.0;dfsioe;45.89;0
85.0;dfsioe;30.680000000000007;0
90.0;dfsioe;10.689999999999998;0
95.0;dfsioe;8.420000000000002;0
100.0;dfsioe;22.86;0
105.0;dfsioe;39.67;0
110.0;dfsioe;30.64;0
115.0;dfsioe;11.480000000000004;0
120.0;dfsioe;25.72;0
125.0;dfsioe;9.5;0
130.0;dfsioe;13.810000000000002;0
135.0;dfsioe;73.0;0
140.0;dfsioe;80.36;0
145.0;dfsioe;72.0;0
150.0;dfsioe;16.739999999999995;0
155.0;dfsioe;8.11;0
160.0;dfsioe;9.879999999999995;0
165.0;dfsioe;17.61;0
170.0;dfsioe;37.36;0
175.0;dfsioe;31.790000000000006;0
180.0;dfsioe;20.89;0
185.0;dfsioe;8.870000000000005;0
190.0;dfsioe;13.189999999999998;0
195.0;dfsioe;16.189999999999998;0
200.0;dfsioe;26.900000000000006;0
205.0;dfsioe;42.49;0
210.0;dfsioe;59.17;0
215.0;dfsioe;21.799999999999997;0
220.0;dfsioe;10.590000000000003;0
225.0;dfsioe;12.810000000000002;0
230.0;dfsioe;31.03;0
235.0;dfsioe;47.41;0
240.0;dfsioe;59.87;0
245.0;dfsioe;39.63;0
250.0;dfsioe;44.17;0
255.0;dfsioe;22.879999999999995;0
260.0;dfsioe;19.450000000000003;0
265.0;dfsioe;58.8;0
270.0;dfsioe;86.26;0
275.0;dfsioe;94.22;0
280.0;dfsioe;55.0;0
285.0;dfsioe;26.049999999999997;0
290.0;dfsioe;12.129999999999995;0
295.0;dfsioe;30.349999999999994;0
300.0;dfsioe;26.08;0
305.0;dfsioe;30.060000000000002;0
310.0;dfsioe;34.599999999999994;0
315.0;dfsioe;63.73;0
320.0;dfsioe;89.25;0
325.0;dfsioe;84.88;0
330.0;dfsioe;75.63;0
335.0;dfsioe;38.94;0
340.0;dfsioe;31.620000000000005;0
345.0;dfsioe;18.459999999999994;0
350.0;dfsioe;16.459999999999994;0
355.0;dfsioe;16.72;0
360.0;dfsioe;13.75;0
365.0;dfsioe;31.340000000000003;0
370.0;dfsioe;46.42;0
375.0;dfsioe;32.61;0
380.0;dfsioe;14.450000000000003;0
385.0;dfsioe;11.159999999999997;0
390.0;dfsioe;14.260000000000005;0
395.0;dfsioe;10.719999999999999;0
400.0;dfsioe;39.48;0
405.0;dfsioe;68.5;0
410.0;dfsioe;24.89;0
415.0;dfsioe;12.530000000000001;0
420.0;dfsioe;18.260000000000005;0
425.0;dfsioe;10.11;0
430.0;dfsioe;24.14;0
435.0;dfsioe;42.62;0
440.0;dfsioe;50.75;0
445.0;dfsioe;12.849999999999994;0
450.0;dfsioe;16.519999999999996;0
455.0;dfsioe;10.269999999999996;0
460.0;dfsioe;10.349999999999994;0
465.0;dfsioe;30.370000000000005;0
470.0;dfsioe;43.4;0
475.0;dfsioe;28.200000000000003;0
480.0;dfsioe;17.310000000000002;0
485.0;dfsioe;15.5;0
490.0;dfsioe;13.0;0
495.0;dfsioe;66.08;0
500.0;dfsioe;79.34;0
505.0;dfsioe;58.26;0
510.0;dfsioe;22.75;0
515.0;dfsioe;16.89;0
520.0;dfsioe;9.439999999999998;0
525.0;dfsioe;9.159999999999997;0
530.0;dfsioe;37.73;0
535.0;dfsioe;60.08;0
540.0;dfsioe;65.00999999999999;0
545.0;dfsioe;70.37;0
550.0;dfsioe;82.78999999999999;0
555.0;dfsioe;69.62;0
560.0;dfsioe;51.39;0
565.0;dfsioe;89.37;0
570.0;dfsioe;95.01;0
575.0;dfsioe;97.43;0
580.0;dfsioe;97.08;0
585.0;dfsioe;91.31;0
590.0;dfsioe;39.44;0
595.0;dfsioe;54.08;0
600.0;dfsioe;53.45;0
605.0;dfsioe;37.23;0
610.0;dfsioe;40.88;0
615.0;dfsioe;27.340000000000003;0
620.0;dfsioe;38.42;0
625.0;dfsioe;74.24;0
630.0;dfsioe;41.65;0
635.0;dfsioe;36.66;0
640.0;dfsioe;36.55;0
645.0;dfsioe;30.239999999999995;0
650.0;dfsioe;11.959999999999994;0
655.0;dfsioe;12.930000000000007;0
660.0;dfsioe;11.069999999999993;0
665.0;dfsioe;26.709999999999994;0
670.0;dfsioe;43.06;0
675.0;dfsioe;80.28;0
680.0;dfsioe;67.96000000000001;0
685.0;dfsioe;13.409999999999997;0
690.0;dfsioe;12.540000000000006;0
695.0;dfsioe;8.36;0
700.0;dfsioe;25.870000000000005;0
705.0;dfsioe;40.73;0
710.0;dfsioe;23.58;0
715.0;dfsioe;11.75;0
720.0;dfsioe;15.909999999999997;0
725.0;dfsioe;8.319999999999993;0
730.0;dfsioe;17.599999999999994;0
735.0;dfsioe;38.67;0
740.0;dfsioe;42.89;0
745.0;dfsioe;19.28;0
750.0;dfsioe;12.069999999999993;0
755.0;dfsioe;8.420000000000002;0
760.0;dfsioe;13.310000000000002;0
765.0;dfsioe;30.519999999999996;0
770.0;dfsioe;45.01;0
775.0;dfsioe;22.83;0
780.0;dfsioe;13.659999999999997;0
785.0;dfsioe;7.930000000000007;0
790.0;dfsioe;10.230000000000004;0
795.0;dfsioe;25.409999999999997;0
800.0;dfsioe;57.94;0
805.0;dfsioe;61.73;0
810.0;dfsioe;30.17;0
815.0;dfsioe;8.189999999999998;0
820.0;dfsioe;10.61;0
825.0;dfsioe;8.209999999999994;0
830.0;dfsioe;40.09;0
835.0;dfsioe;50.12;0
840.0;dfsioe;51.87;0
845.0;dfsioe;25.379999999999995;0
850.0;dfsioe;45.87;0
855.0;dfsioe;58.28;0
861.0;dfsioe;59.27;0
866.0;dfsioe;75.95;0
871.0;dfsioe;84.18;0
876.0;dfsioe;88.43;0
881.0;dfsioe;44.91;0
886.0;dfsioe;21.92;0
891.0;dfsioe;11.650000000000006;0
0.0;dfsioe;37.81;1
5.0;dfsioe;47.36;1
10.0;dfsioe;44.57;1
15.0;dfsioe;23.53;1
20.0;dfsioe;42.74;1
25.0;dfsioe;88.33;1
30.0;dfsioe;90.69;1
35.0;dfsioe;82.22;1
40.0;dfsioe;83.98;1
45.0;dfsioe;76.46000000000001;1
50.0;dfsioe;43.78;1
55.0;dfsioe;36.37;1
60.0;dfsioe;41.09;1
65.0;dfsioe;63.92;1
70.0;dfsioe;83.31;1
75.0;dfsioe;51.33;1
80.0;dfsioe;45.89;1
85.0;dfsioe;30.680000000000007;1
90.0;dfsioe;10.689999999999998;1
95.0;dfsioe;8.420000000000002;1
100.0;dfsioe;22.86;1
105.0;dfsioe;39.67;1
110.0;dfsioe;30.64;1
115.0;dfsioe;11.480000000000004;1
120.0;dfsioe;25.72;1
125.0;dfsioe;9.5;1
130.0;dfsioe;13.810000000000002;1
135.0;dfsioe;73.0;1
140.0;dfsioe;80.36;1
145.0;dfsioe;72.0;1
150.0;dfsioe;16.739999999999995;1
155.0;dfsioe;8.11;1
160.0;dfsioe;9.879999999999995;1
165.0;dfsioe;17.61;1
170.0;dfsioe;37.36;1
175.0;dfsioe;31.790000000000006;1
180.0;dfsioe;20.89;1
185.0;dfsioe;8.870000000000005;1
190.0;dfsioe;13.189999999999998;1
195.0;dfsioe;16.189999999999998;1
200.0;dfsioe;26.900000000000006;1
205.0;dfsioe;42.49;1
210.0;dfsioe;59.17;1
215.0;dfsioe;21.799999999999997;1
220.0;dfsioe;10.590000000000003;1
225.0;dfsioe;12.810000000000002;1
230.0;dfsioe;31.03;1
235.0;dfsioe;47.41;1
240.0;dfsioe;59.87;1
245.0;dfsioe;39.63;1
250.0;dfsioe;44.17;1
255.0;dfsioe;22.879999999999995;1
260.0;dfsioe;19.450000000000003;1
265.0;dfsioe;58.8;1
270.0;dfsioe;86.26;1
275.0;dfsioe;94.22;1
280.0;dfsioe;55.0;1
285.0;dfsioe;26.049999999999997;1
290.0;dfsioe;12.129999999999995;1
295.0;dfsioe;30.349999999999994;1
300.0;dfsioe;26.08;1
305.0;dfsioe;30.060000000000002;1
310.0;dfsioe;34.599999999999994;1
315.0;dfsioe;63.73;1
320.0;dfsioe;89.25;1
325.0;dfsioe;84.88;1
330.0;dfsioe;75.63;1
335.0;dfsioe;38.94;1
340.0;dfsioe;31.620000000000005;1
345.0;dfsioe;18.459999999999994;1
350.0;dfsioe;16.459999999999994;1
355.0;dfsioe;16.72;1
360.0;dfsioe;13.75;1
365.0;dfsioe;31.340000000000003;1
370.0;dfsioe;46.42;1
375.0;dfsioe;32.61;1
380.0;dfsioe;14.450000000000003;1
385.0;dfsioe;11.159999999999997;1
390.0;dfsioe;14.260000000000005;1
395.0;dfsioe;10.719999999999999;1
400.0;dfsioe;39.48;1
405.0;dfsioe;68.5;1
410.0;dfsioe;24.89;1
415.0;dfsioe;12.530000000000001;1
420.0;dfsioe;18.260000000000005;1
425.0;dfsioe;10.11;1
430.0;dfsioe;24.14;1
435.0;dfsioe;42.62;1
440.0;dfsioe;50.75;1
445.0;dfsioe;12.849999999999994;1
450.0;dfsioe;16.519999999999996;1
455.0;dfsioe;10.269999999999996;1
460.0;dfsioe;10.349999999999994;1
465.0;dfsioe;30.370000000000005;1
470.0;dfsioe;43.4;1
475.0;dfsioe;28.200000000000003;1
480.0;dfsioe;17.310000000000002;1
485.0;dfsioe;15.5;1
490.0;dfsioe;13.0;1
495.0;dfsioe;66.08;1
500.0;dfsioe;79.34;1
505.0;dfsioe;58.26;1
510.0;dfsioe;22.75;1
515.0;dfsioe;16.89;1
520.0;dfsioe;9.439999999999998;1
525.0;dfsioe;9.159999999999997;1
530.0;dfsioe;37.73;1
535.0;dfsioe;60.08;1
540.0;dfsioe;65.00999999999999;1
545.0;dfsioe;70.37;1
550.0;dfsioe;82.78999999999999;1
555.0;dfsioe;69.62;1
560.0;dfsioe;51.39;1
565.0;dfsioe;89.37;1
570.0;dfsioe;95.01;1
575.0;dfsioe;97.43;1
580.0;dfsioe;97.08;1
585.0;dfsioe;91.31;1
590.0;dfsioe;39.44;1
595.0;dfsioe;54.08;1
600.0;dfsioe;53.45;1
605.0;dfsioe;37.23;1
610.0;dfsioe;40.88;1
615.0;dfsioe;27.340000000000003;1
620.0;dfsioe;38.42;1
625.0;dfsioe;74.24;1
630.0;dfsioe;41.65;1
635.0;dfsioe;36.66;1
640.0;dfsioe;36.55;1
645.0;dfsioe;30.239999999999995;1
650.0;dfsioe;11.959999999999994;1
655.0;dfsioe;12.930000000000007;1
660.0;dfsioe;11.069999999999993;1
665.0;dfsioe;26.709999999999994;1
670.0;dfsioe;43.06;1
675.0;dfsioe;80.28;1
680.0;dfsioe;67.96000000000001;1
685.0;dfsioe;13.409999999999997;1
690.0;dfsioe;12.540000000000006;1
695.0;dfsioe;8.36;1
700.0;dfsioe;25.870000000000005;1
705.0;dfsioe;40.73;1
710.0;dfsioe;23.58;1
715.0;dfsioe;11.75;1
720.0;dfsioe;15.909999999999997;1
725.0;dfsioe;8.319999999999993;1
730.0;dfsioe;17.599999999999994;1
735.0;dfsioe;38.67;1
740.0;dfsioe;42.89;1
745.0;dfsioe;19.28;1
750.0;dfsioe;12.069999999999993;1
755.0;dfsioe;8.420000000000002;1
760.0;dfsioe;13.310000000000002;1
765.0;dfsioe;30.519999999999996;1
770.0;dfsioe;45.01;1
775.0;dfsioe;22.83;1
780.0;dfsioe;13.659999999999997;1
785.0;dfsioe;7.930000000000007;1
790.0;dfsioe;10.230000000000004;1
795.0;dfsioe;25.409999999999997;1
800.0;dfsioe;57.94;1
805.0;dfsioe;61.73;1
810.0;dfsioe;30.17;1
815.0;dfsioe;8.189999999999998;1
820.0;dfsioe;10.61;1
825.0;dfsioe;8.209999999999994;1
830.0;dfsioe;40.09;1
835.0;dfsioe;50.12;1
840.0;dfsioe;51.87;1
845.0;dfsioe;25.379999999999995;1
850.0;dfsioe;45.87;1
855.0;dfsioe;58.28;1
861.0;dfsioe;59.27;1
866.0;dfsioe;75.95;1
871.0;dfsioe;84.18;1
876.0;dfsioe;88.43;1
881.0;dfsioe;44.91;1
886.0;dfsioe;21.92;1
891.0;dfsioe;11.650000000000006;1
0.0;dfsioe;37.81;2
5.0;dfsioe;47.36;2
10.0;dfsioe;44.57;2
15.0;dfsioe;23.53;2
20.0;dfsioe;42.74;2
25.0;dfsioe;88.33;2
30.0;dfsioe;90.69;2
35.0;dfsioe;82.22;2
40.0;dfsioe;83.98;2
45.0;dfsioe;76.46000000000001;2
50.0;dfsioe;43.78;2
55.0;dfsioe;36.37;2
60.0;dfsioe;41.09;2
65.0;dfsioe;63.92;2
70.0;dfsioe;83.31;2
75.0;dfsioe;51.33;2
80.0;dfsioe;45.89;2
85.0;dfsioe;30.680000000000007;2
90.0;dfsioe;10.689999999999998;2
95.0;dfsioe;8.420000000000002;2
100.0;dfsioe;22.86;2
105.0;dfsioe;39.67;2
110.0;dfsioe;30.64;2
115.0;dfsioe;11.480000000000004;2
120.0;dfsioe;25.72;2
125.0;dfsioe;9.5;2
130.0;dfsioe;13.810000000000002;2
135.0;dfsioe;73.0;2
140.0;dfsioe;80.36;2
145.0;dfsioe;72.0;2
150.0;dfsioe;16.739999999999995;2
155.0;dfsioe;8.11;2
160.0;dfsioe;9.879999999999995;2
165.0;dfsioe;17.61;2
170.0;dfsioe;37.36;2
175.0;dfsioe;31.790000000000006;2
180.0;dfsioe;20.89;2
185.0;dfsioe;8.870000000000005;2
190.0;dfsioe;13.189999999999998;2
195.0;dfsioe;16.189999999999998;2
200.0;dfsioe;26.900000000000006;2
205.0;dfsioe;42.49;2
210.0;dfsioe;59.17;2
215.0;dfsioe;21.799999999999997;2
220.0;dfsioe;10.590000000000003;2
225.0;dfsioe;12.810000000000002;2
230.0;dfsioe;31.03;2
235.0;dfsioe;47.41;2
240.0;dfsioe;59.87;2
245.0;dfsioe;39.63;2
250.0;dfsioe;44.17;2
255.0;dfsioe;22.879999999999995;2
260.0;dfsioe;19.450000000000003;2
265.0;dfsioe;58.8;2
270.0;dfsioe;86.26;2
275.0;dfsioe;94.22;2
280.0;dfsioe;55.0;2
285.0;dfsioe;26.049999999999997;2
290.0;dfsioe;12.129999999999995;2
295.0;dfsioe;30.349999999999994;2
300.0;dfsioe;26.08;2
305.0;dfsioe;30.060000000000002;2
310.0;dfsioe;34.599999999999994;2
315.0;dfsioe;63.73;2
320.0;dfsioe;89.25;2
325.0;dfsioe;84.88;2
330.0;dfsioe;75.63;2
335.0;dfsioe;38.94;2
340.0;dfsioe;31.620000000000005;2
345.0;dfsioe;18.459999999999994;2
350.0;dfsioe;16.459999999999994;2
355.0;dfsioe;16.72;2
360.0;dfsioe;13.75;2
365.0;dfsioe;31.340000000000003;2
370.0;dfsioe;46.42;2
375.0;dfsioe;32.61;2
380.0;dfsioe;14.450000000000003;2
385.0;dfsioe;11.159999999999997;2
390.0;dfsioe;14.260000000000005;2
395.0;dfsioe;10.719999999999999;2
400.0;dfsioe;39.48;2
405.0;dfsioe;68.5;2
410.0;dfsioe;24.89;2
415.0;dfsioe;12.530000000000001;2
420.0;dfsioe;18.260000000000005;2
425.0;dfsioe;10.11;2
430.0;dfsioe;24.14;2
435.0;dfsioe;42.62;2
440.0;dfsioe;50.75;2
445.0;dfsioe;12.849999999999994;2
450.0;dfsioe;16.519999999999996;2
455.0;dfsioe;10.269999999999996;2
460.0;dfsioe;10.349999999999994;2
465.0;dfsioe;30.370000000000005;2
470.0;dfsioe;43.4;2
475.0;dfsioe;28.200000000000003;2
480.0;dfsioe;17.310000000000002;2
485.0;dfsioe;15.5;2
490.0;dfsioe;13.0;2
495.0;dfsioe;66.08;2
500.0;dfsioe;79.34;2
505.0;dfsioe;58.26;2
510.0;dfsioe;22.75;2
515.0;dfsioe;16.89;2
520.0;dfsioe;9.439999999999998;2
525.0;dfsioe;9.159999999999997;2
530.0;dfsioe;37.73;2
535.0;dfsioe;60.08;2
540.0;dfsioe;65.00999999999999;2
545.0;dfsioe;70.37;2
550.0;dfsioe;82.78999999999999;2
555.0;dfsioe;69.62;2
560.0;dfsioe;51.39;2
565.0;dfsioe;89.37;2
570.0;dfsioe;95.01;2
575.0;dfsioe;97.43;2
580.0;dfsioe;97.08;2
585.0;dfsioe;91.31;2
590.0;dfsioe;39.44;2
595.0;dfsioe;54.08;2
600.0;dfsioe;53.45;2
605.0;dfsioe;37.23;2
610.0;dfsioe;40.88;2
615.0;dfsioe;27.340000000000003;2
620.0;dfsioe;38.42;2
625.0;dfsioe;74.24;2
630.0;dfsioe;41.65;2
635.0;dfsioe;36.66;2
640.0;dfsioe;36.55;2
645.0;dfsioe;30.239999999999995;2
650.0;dfsioe;11.959999999999994;2
655.0;dfsioe;12.930000000000007;2
660.0;dfsioe;11.069999999999993;2
665.0;dfsioe;26.709999999999994;2
670.0;dfsioe;43.06;2
675.0;dfsioe;80.28;2
680.0;dfsioe;67.96000000000001;2
685.0;dfsioe;13.409999999999997;2
690.0;dfsioe;12.540000000000006;2
695.0;dfsioe;8.36;2
700.0;dfsioe;25.870000000000005;2
705.0;dfsioe;40.73;2
710.0;dfsioe;23.58;2
715.0;dfsioe;11.75;2
720.0;dfsioe;15.909999999999997;2
725.0;dfsioe;8.319999999999993;2
730.0;dfsioe;17.599999999999994;2
735.0;dfsioe;38.67;2
740.0;dfsioe;42.89;2
745.0;dfsioe;19.28;2
750.0;dfsioe;12.069999999999993;2
755.0;dfsioe;8.420000000000002;2
760.0;dfsioe;13.310000000000002;2
765.0;dfsioe;30.519999999999996;2
770.0;dfsioe;45.01;2
775.0;dfsioe;22.83;2
780.0;dfsioe;13.659999999999997;2
785.0;dfsioe;7.930000000000007;2
790.0;dfsioe;10.230000000000004;2
795.0;dfsioe;25.409999999999997;2
800.0;dfsioe;57.94;2
805.0;dfsioe;61.73;2
810.0;dfsioe;30.17;2
815.0;dfsioe;8.189999999999998;2
820.0;dfsioe;10.61;2
825.0;dfsioe;8.209999999999994;2
830.0;dfsioe;40.09;2
835.0;dfsioe;50.12;2
840.0;dfsioe;51.87;2
845.0;dfsioe;25.379999999999995;2
850.0;dfsioe;45.87;2
855.0;dfsioe;58.28;2
861.0;dfsioe;59.27;2
866.0;dfsioe;75.95;2
871.0;dfsioe;84.18;2
876.0;dfsioe;88.43;2
881.0;dfsioe;44.91;2
886.0;dfsioe;21.92;2
891.0;dfsioe;11.650000000000006;2
0.0;dfsioe;37.81;3
5.0;dfsioe;47.36;3
10.0;dfsioe;44.57;3
15.0;dfsioe;23.53;3
20.0;dfsioe;42.74;3
25.0;dfsioe;88.33;3
30.0;dfsioe;90.69;3
35.0;dfsioe;82.22;3
40.0;dfsioe;83.98;3
45.0;dfsioe;76.46000000000001;3
50.0;dfsioe;43.78;3
55.0;dfsioe;36.37;3
60.0;dfsioe;41.09;3
65.0;dfsioe;63.92;3
70.0;dfsioe;83.31;3
75.0;dfsioe;51.33;3
80.0;dfsioe;45.89;3
85.0;dfsioe;30.680000000000007;3
90.0;dfsioe;10.689999999999998;3
95.0;dfsioe;8.420000000000002;3
100.0;dfsioe;22.86;3
105.0;dfsioe;39.67;3
110.0;dfsioe;30.64;3
115.0;dfsioe;11.480000000000004;3
120.0;dfsioe;25.72;3
125.0;dfsioe;9.5;3
130.0;dfsioe;13.810000000000002;3
135.0;dfsioe;73.0;3
140.0;dfsioe;80.36;3
145.0;dfsioe;72.0;3
150.0;dfsioe;16.739999999999995;3
155.0;dfsioe;8.11;3
160.0;dfsioe;9.879999999999995;3
165.0;dfsioe;17.61;3
170.0;dfsioe;37.36;3
175.0;dfsioe;31.790000000000006;3
180.0;dfsioe;20.89;3
185.0;dfsioe;8.870000000000005;3
190.0;dfsioe;13.189999999999998;3
195.0;dfsioe;16.189999999999998;3
200.0;dfsioe;26.900000000000006;3
205.0;dfsioe;42.49;3
210.0;dfsioe;59.17;3
215.0;dfsioe;21.799999999999997;3
220.0;dfsioe;10.590000000000003;3
225.0;dfsioe;12.810000000000002;3
230.0;dfsioe;31.03;3
235.0;dfsioe;47.41;3
240.0;dfsioe;59.87;3
245.0;dfsioe;39.63;3
250.0;dfsioe;44.17;3
255.0;dfsioe;22.879999999999995;3
260.0;dfsioe;19.450000000000003;3
265.0;dfsioe;58.8;3
270.0;dfsioe;86.26;3
275.0;dfsioe;94.22;3
280.0;dfsioe;55.0;3
285.0;dfsioe;26.049999999999997;3
290.0;dfsioe;12.129999999999995;3
295.0;dfsioe;30.349999999999994;3
300.0;dfsioe;26.08;3
305.0;dfsioe;30.060000000000002;3
310.0;dfsioe;34.599999999999994;3
315.0;dfsioe;63.73;3
320.0;dfsioe;89.25;3
325.0;dfsioe;84.88;3
330.0;dfsioe;75.63;3
335.0;dfsioe;38.94;3
340.0;dfsioe;31.620000000000005;3
345.0;dfsioe;18.459999999999994;3
350.0;dfsioe;16.459999999999994;3
355.0;dfsioe;16.72;3
360.0;dfsioe;13.75;3
365.0;dfsioe;31.340000000000003;3
370.0;dfsioe;46.42;3
375.0;dfsioe;32.61;3
380.0;dfsioe;14.450000000000003;3
385.0;dfsioe;11.159999999999997;3
390.0;dfsioe;14.260000000000005;3
395.0;dfsioe;10.719999999999999;3
400.0;dfsioe;39.48;3
405.0;dfsioe;68.5;3
410.0;dfsioe;24.89;3
415.0;dfsioe;12.530000000000001;3
420.0;dfsioe;18.260000000000005;3
425.0;dfsioe;10.11;3
430.0;dfsioe;24.14;3
435.0;dfsioe;42.62;3
440.0;dfsioe;50.75;3
445.0;dfsioe;12.849999999999994;3
450.0;dfsioe;16.519999999999996;3
455.0;dfsioe;10.269999999999996;3
460.0;dfsioe;10.349999999999994;3
465.0;dfsioe;30.370000000000005;3
470.0;dfsioe;43.4;3
475.0;dfsioe;28.200000000000003;3
480.0;dfsioe;17.310000000000002;3
485.0;dfsioe;15.5;3
490.0;dfsioe;13.0;3
495.0;dfsioe;66.08;3
500.0;dfsioe;79.34;3
505.0;dfsioe;58.26;3
510.0;dfsioe;22.75;3
515.0;dfsioe;16.89;3
520.0;dfsioe;9.439999999999998;3
525.0;dfsioe;9.159999999999997;3
530.0;dfsioe;37.73;3
535.0;dfsioe;60.08;3
540.0;dfsioe;65.00999999999999;3
545.0;dfsioe;70.37;3
550.0;dfsioe;82.78999999999999;3
555.0;dfsioe;69.62;3
560.0;dfsioe;51.39;3
565.0;dfsioe;89.37;3
570.0;dfsioe;95.01;3
575.0;dfsioe;97.43;3
580.0;dfsioe;97.08;3
585.0;dfsioe;91.31;3
590.0;dfsioe;39.44;3
595.0;dfsioe;54.08;3
600.0;dfsioe;53.45;3
605.0;dfsioe;37.23;3
610.0;dfsioe;40.88;3
615.0;dfsioe;27.340000000000003;3
620.0;dfsioe;38.42;3
625.0;dfsioe;74.24;3
630.0;dfsioe;41.65;3
635.0;dfsioe;36.66;3
640.0;dfsioe;36.55;3
645.0;dfsioe;30.239999999999995;3
650.0;dfsioe;11.959999999999994;3
655.0;dfsioe;12.930000000000007;3
660.0;dfsioe;11.069999999999993;3
665.0;dfsioe;26.709999999999994;3
670.0;dfsioe;43.06;3
675.0;dfsioe;80.28;3
680.0;dfsioe;67.96000000000001;3
685.0;dfsioe;13.409999999999997;3
690.0;dfsioe;12.540000000000006;3
695.0;dfsioe;8.36;3
700.0;dfsioe;25.870000000000005;3
705.0;dfsioe;40.73;3
710.0;dfsioe;23.58;3
715.0;dfsioe;11.75;3
720.0;dfsioe;15.909999999999997;3
725.0;dfsioe;8.319999999999993;3
730.0;dfsioe;17.599999999999994;3
735.0;dfsioe;38.67;3
740.0;dfsioe;42.89;3
745.0;dfsioe;19.28;3
750.0;dfsioe;12.069999999999993;3
755.0;dfsioe;8.420000000000002;3
760.0;dfsioe;13.310000000000002;3
765.0;dfsioe;30.519999999999996;3
770.0;dfsioe;45.01;3
775.0;dfsioe;22.83;3
780.0;dfsioe;13.659999999999997;3
785.0;dfsioe;7.930000000000007;3
790.0;dfsioe;10.230000000000004;3
795.0;dfsioe;25.409999999999997;3
800.0;dfsioe;57.94;3
805.0;dfsioe;61.73;3
810.0;dfsioe;30.17;3
815.0;dfsioe;8.189999999999998;3
820.0;dfsioe;10.61;3
825.0;dfsioe;8.209999999999994;3
830.0;dfsioe;40.09;3
835.0;dfsioe;50.12;3
840.0;dfsioe;51.87;3
845.0;dfsioe;25.379999999999995;3
850.0;dfsioe;45.87;3
855.0;dfsioe;58.28;3
861.0;dfsioe;59.27;3
866.0;dfsioe;75.95;3
871.0;dfsioe;84.18;3
876.0;dfsioe;88.43;3
881.0;dfsioe;44.91;3
886.0;dfsioe;21.92;3
891.0;dfsioe;11.650000000000006;3
0.0;dfsioe;37.81;4
5.0;dfsioe;47.36;4
10.0;dfsioe;44.57;4
15.0;dfsioe;23.53;4
20.0;dfsioe;42.74;4
25.0;dfsioe;88.33;4
30.0;dfsioe;90.69;4
35.0;dfsioe;82.22;4
40.0;dfsioe;83.98;4
45.0;dfsioe;76.46000000000001;4
50.0;dfsioe;43.78;4
55.0;dfsioe;36.37;4
60.0;dfsioe;41.09;4
65.0;dfsioe;63.92;4
70.0;dfsioe;83.31;4
75.0;dfsioe;51.33;4
80.0;dfsioe;45.89;4
85.0;dfsioe;30.680000000000007;4
90.0;dfsioe;10.689999999999998;4
95.0;dfsioe;8.420000000000002;4
100.0;dfsioe;22.86;4
105.0;dfsioe;39.67;4
110.0;dfsioe;30.64;4
115.0;dfsioe;11.480000000000004;4
120.0;dfsioe;25.72;4
125.0;dfsioe;9.5;4
130.0;dfsioe;13.810000000000002;4
135.0;dfsioe;73.0;4
140.0;dfsioe;80.36;4
145.0;dfsioe;72.0;4
150.0;dfsioe;16.739999999999995;4
155.0;dfsioe;8.11;4
160.0;dfsioe;9.879999999999995;4
165.0;dfsioe;17.61;4
170.0;dfsioe;37.36;4
175.0;dfsioe;31.790000000000006;4
180.0;dfsioe;20.89;4
185.0;dfsioe;8.870000000000005;4
190.0;dfsioe;13.189999999999998;4
195.0;dfsioe;16.189999999999998;4
200.0;dfsioe;26.900000000000006;4
205.0;dfsioe;42.49;4
210.0;dfsioe;59.17;4
215.0;dfsioe;21.799999999999997;4
220.0;dfsioe;10.590000000000003;4
225.0;dfsioe;12.810000000000002;4
230.0;dfsioe;31.03;4
235.0;dfsioe;47.41;4
240.0;dfsioe;59.87;4
245.0;dfsioe;39.63;4
250.0;dfsioe;44.17;4
255.0;dfsioe;22.879999999999995;4
260.0;dfsioe;19.450000000000003;4
265.0;dfsioe;58.8;4
270.0;dfsioe;86.26;4
275.0;dfsioe;94.22;4
280.0;dfsioe;55.0;4
285.0;dfsioe;26.049999999999997;4
290.0;dfsioe;12.129999999999995;4
295.0;dfsioe;30.349999999999994;4
300.0;dfsioe;26.08;4
305.0;dfsioe;30.060000000000002;4
310.0;dfsioe;34.599999999999994;4
315.0;dfsioe;63.73;4
320.0;dfsioe;89.25;4
325.0;dfsioe;84.88;4
330.0;dfsioe;75.63;4
335.0;dfsioe;38.94;4
340.0;dfsioe;31.620000000000005;4
345.0;dfsioe;18.459999999999994;4
350.0;dfsioe;16.459999999999994;4
355.0;dfsioe;16.72;4
360.0;dfsioe;13.75;4
365.0;dfsioe;31.340000000000003;4
370.0;dfsioe;46.42;4
375.0;dfsioe;32.61;4
380.0;dfsioe;14.450000000000003;4
385.0;dfsioe;11.159999999999997;4
390.0;dfsioe;14.260000000000005;4
395.0;dfsioe;10.719999999999999;4
400.0;dfsioe;39.48;4
405.0;dfsioe;68.5;4
410.0;dfsioe;24.89;4
415.0;dfsioe;12.530000000000001;4
420.0;dfsioe;18.260000000000005;4
425.0;dfsioe;10.11;4
430.0;dfsioe;24.14;4
435.0;dfsioe;42.62;4
440.0;dfsioe;50.75;4
445.0;dfsioe;12.849999999999994;4
450.0;dfsioe;16.519999999999996;4
455.0;dfsioe;10.269999999999996;4
460.0;dfsioe;10.349999999999994;4
465.0;dfsioe;30.370000000000005;4
470.0;dfsioe;43.4;4
475.0;dfsioe;28.200000000000003;4
480.0;dfsioe;17.310000000000002;4
485.0;dfsioe;15.5;4
490.0;dfsioe;13.0;4
495.0;dfsioe;66.08;4
500.0;dfsioe;79.34;4
505.0;dfsioe;58.26;4
510.0;dfsioe;22.75;4
515.0;dfsioe;16.89;4
520.0;dfsioe;9.439999999999998;4
525.0;dfsioe;9.159999999999997;4
530.0;dfsioe;37.73;4
535.0;dfsioe;60.08;4
540.0;dfsioe;65.00999999999999;4
545.0;dfsioe;70.37;4
550.0;dfsioe;82.78999999999999;4
555.0;dfsioe;69.62;4
560.0;dfsioe;51.39;4
565.0;dfsioe;89.37;4
570.0;dfsioe;95.01;4
575.0;dfsioe;97.43;4
580.0;dfsioe;97.08;4
585.0;dfsioe;91.31;4
590.0;dfsioe;39.44;4
595.0;dfsioe;54.08;4
600.0;dfsioe;53.45;4
605.0;dfsioe;37.23;4
610.0;dfsioe;40.88;4
615.0;dfsioe;27.340000000000003;4
620.0;dfsioe;38.42;4
625.0;dfsioe;74.24;4
630.0;dfsioe;41.65;4
635.0;dfsioe;36.66;4
640.0;dfsioe;36.55;4
645.0;dfsioe;30.239999999999995;4
650.0;dfsioe;11.959999999999994;4
655.0;dfsioe;12.930000000000007;4
660.0;dfsioe;11.069999999999993;4
665.0;dfsioe;26.709999999999994;4
670.0;dfsioe;43.06;4
675.0;dfsioe;80.28;4
680.0;dfsioe;67.96000000000001;4
685.0;dfsioe;13.409999999999997;4
690.0;dfsioe;12.540000000000006;4
695.0;dfsioe;8.36;4
700.0;dfsioe;25.870000000000005;4
705.0;dfsioe;40.73;4
710.0;dfsioe;23.58;4
715.0;dfsioe;11.75;4
720.0;dfsioe;15.909999999999997;4
725.0;dfsioe;8.319999999999993;4
730.0;dfsioe;17.599999999999994;4
735.0;dfsioe;38.67;4
740.0;dfsioe;42.89;4
745.0;dfsioe;19.28;4
750.0;dfsioe;12.069999999999993;4
755.0;dfsioe;8.420000000000002;4
760.0;dfsioe;13.310000000000002;4
765.0;dfsioe;30.519999999999996;4
770.0;dfsioe;45.01;4
775.0;dfsioe;22.83;4
780.0;dfsioe;13.659999999999997;4
785.0;dfsioe;7.930000000000007;4
790.0;dfsioe;10.230000000000004;4
795.0;dfsioe;25.409999999999997;4
800.0;dfsioe;57.94;4
805.0;dfsioe;61.73;4
810.0;dfsioe;30.17;4
815.0;dfsioe;8.189999999999998;4
820.0;dfsioe;10.61;4
825.0;dfsioe;8.209999999999994;4
830.0;dfsioe;40.09;4
835.0;dfsioe;50.12;4
840.0;dfsioe;51.87;4
845.0;dfsioe;25.379999999999995;4
850.0;dfsioe;45.87;4
855.0;dfsioe;58.28;4
861.0;dfsioe;59.27;4
866.0;dfsioe;75.95;4
871.0;dfsioe;84.18;4
876.0;dfsioe;88.43;4
881.0;dfsioe;44.91;4
886.0;dfsioe;21.92;4
891.0;dfsioe;11.650000000000006;4
0.0;dfsioe;37.81;5
5.0;dfsioe;47.36;5
10.0;dfsioe;44.57;5
15.0;dfsioe;23.53;5
20.0;dfsioe;42.74;5
25.0;dfsioe;88.33;5
30.0;dfsioe;90.69;5
35.0;dfsioe;82.22;5
40.0;dfsioe;83.98;5
45.0;dfsioe;76.46000000000001;5
50.0;dfsioe;43.78;5
55.0;dfsioe;36.37;5
60.0;dfsioe;41.09;5
65.0;dfsioe;63.92;5
70.0;dfsioe;83.31;5
75.0;dfsioe;51.33;5
80.0;dfsioe;45.89;5
85.0;dfsioe;30.680000000000007;5
90.0;dfsioe;10.689999999999998;5
95.0;dfsioe;8.420000000000002;5
100.0;dfsioe;22.86;5
105.0;dfsioe;39.67;5
110.0;dfsioe;30.64;5
115.0;dfsioe;11.480000000000004;5
120.0;dfsioe;25.72;5
125.0;dfsioe;9.5;5
130.0;dfsioe;13.810000000000002;5
135.0;dfsioe;73.0;5
140.0;dfsioe;80.36;5
145.0;dfsioe;72.0;5
150.0;dfsioe;16.739999999999995;5
155.0;dfsioe;8.11;5
160.0;dfsioe;9.879999999999995;5
165.0;dfsioe;17.61;5
170.0;dfsioe;37.36;5
175.0;dfsioe;31.790000000000006;5
180.0;dfsioe;20.89;5
185.0;dfsioe;8.870000000000005;5
190.0;dfsioe;13.189999999999998;5
195.0;dfsioe;16.189999999999998;5
200.0;dfsioe;26.900000000000006;5
205.0;dfsioe;42.49;5
210.0;dfsioe;59.17;5
215.0;dfsioe;21.799999999999997;5
220.0;dfsioe;10.590000000000003;5
225.0;dfsioe;12.810000000000002;5
230.0;dfsioe;31.03;5
235.0;dfsioe;47.41;5
240.0;dfsioe;59.87;5
245.0;dfsioe;39.63;5
250.0;dfsioe;44.17;5
255.0;dfsioe;22.879999999999995;5
260.0;dfsioe;19.450000000000003;5
265.0;dfsioe;58.8;5
270.0;dfsioe;86.26;5
275.0;dfsioe;94.22;5
280.0;dfsioe;55.0;5
285.0;dfsioe;26.049999999999997;5
290.0;dfsioe;12.129999999999995;5
295.0;dfsioe;30.349999999999994;5
300.0;dfsioe;26.08;5
305.0;dfsioe;30.060000000000002;5
310.0;dfsioe;34.599999999999994;5
315.0;dfsioe;63.73;5
320.0;dfsioe;89.25;5
325.0;dfsioe;84.88;5
330.0;dfsioe;75.63;5
335.0;dfsioe;38.94;5
340.0;dfsioe;31.620000000000005;5
345.0;dfsioe;18.459999999999994;5
350.0;dfsioe;16.459999999999994;5
355.0;dfsioe;16.72;5
360.0;dfsioe;13.75;5
365.0;dfsioe;31.340000000000003;5
370.0;dfsioe;46.42;5
375.0;dfsioe;32.61;5
380.0;dfsioe;14.450000000000003;5
385.0;dfsioe;11.159999999999997;5
390.0;dfsioe;14.260000000000005;5
395.0;dfsioe;10.719999999999999;5
400.0;dfsioe;39.48;5
405.0;dfsioe;68.5;5
410.0;dfsioe;24.89;5
415.0;dfsioe;12.530000000000001;5
420.0;dfsioe;18.260000000000005;5
425.0;dfsioe;10.11;5
430.0;dfsioe;24.14;5
435.0;dfsioe;42.62;5
440.0;dfsioe;50.75;5
445.0;dfsioe;12.849999999999994;5
450.0;dfsioe;16.519999999999996;5
455.0;dfsioe;10.269999999999996;5
460.0;dfsioe;10.349999999999994;5
465.0;dfsioe;30.370000000000005;5
470.0;dfsioe;43.4;5
475.0;dfsioe;28.200000000000003;5
480.0;dfsioe;17.310000000000002;5
485.0;dfsioe;15.5;5
490.0;dfsioe;13.0;5
495.0;dfsioe;66.08;5
500.0;dfsioe;79.34;5
505.0;dfsioe;58.26;5
510.0;dfsioe;22.75;5
515.0;dfsioe;16.89;5
520.0;dfsioe;9.439999999999998;5
525.0;dfsioe;9.159999999999997;5
530.0;dfsioe;37.73;5
535.0;dfsioe;60.08;5
540.0;dfsioe;65.00999999999999;5
545.0;dfsioe;70.37;5
550.0;dfsioe;82.78999999999999;5
555.0;dfsioe;69.62;5
560.0;dfsioe;51.39;5
565.0;dfsioe;89.37;5
570.0;dfsioe;95.01;5
575.0;dfsioe;97.43;5
580.0;dfsioe;97.08;5
585.0;dfsioe;91.31;5
590.0;dfsioe;39.44;5
595.0;dfsioe;54.08;5
600.0;dfsioe;53.45;5
605.0;dfsioe;37.23;5
610.0;dfsioe;40.88;5
615.0;dfsioe;27.340000000000003;5
620.0;dfsioe;38.42;5
625.0;dfsioe;74.24;5
630.0;dfsioe;41.65;5
635.0;dfsioe;36.66;5
640.0;dfsioe;36.55;5
645.0;dfsioe;30.239999999999995;5
650.0;dfsioe;11.959999999999994;5
655.0;dfsioe;12.930000000000007;5
660.0;dfsioe;11.069999999999993;5
665.0;dfsioe;26.709999999999994;5
670.0;dfsioe;43.06;5
675.0;dfsioe;80.28;5
680.0;dfsioe;67.96000000000001;5
685.0;dfsioe;13.409999999999997;5
690.0;dfsioe;12.540000000000006;5
695.0;dfsioe;8.36;5
700.0;dfsioe;25.870000000000005;5
705.0;dfsioe;40.73;5
710.0;dfsioe;23.58;5
715.0;dfsioe;11.75;5
720.0;dfsioe;15.909999999999997;5
725.0;dfsioe;8.319999999999993;5
730.0;dfsioe;17.599999999999994;5
735.0;dfsioe;38.67;5
740.0;dfsioe;42.89;5
745.0;dfsioe;19.28;5
750.0;dfsioe;12.069999999999993;5
755.0;dfsioe;8.420000000000002;5
760.0;dfsioe;13.310000000000002;5
765.0;dfsioe;30.519999999999996;5
770.0;dfsioe;45.01;5
775.0;dfsioe;22.83;5
780.0;dfsioe;13.659999999999997;5
785.0;dfsioe;7.930000000000007;5
790.0;dfsioe;10.230000000000004;5
795.0;dfsioe;25.409999999999997;5
800.0;dfsioe;57.94;5
805.0;dfsioe;61.73;5
810.0;dfsioe;30.17;5
815.0;dfsioe;8.189999999999998;5
820.0;dfsioe;10.61;5
825.0;dfsioe;8.209999999999994;5
830.0;dfsioe;40.09;5
835.0;dfsioe;50.12;5
840.0;dfsioe;51.87;5
845.0;dfsioe;25.379999999999995;5
850.0;dfsioe;45.87;5
855.0;dfsioe;58.28;5
861.0;dfsioe;59.27;5
866.0;dfsioe;75.95;5
871.0;dfsioe;84.18;5
876.0;dfsioe;88.43;5
881.0;dfsioe;44.91;5
886.0;dfsioe;21.92;5
891.0;dfsioe;11.650000000000006;5
0.0;dfsioe;37.81;6
5.0;dfsioe;47.36;6
10.0;dfsioe;44.57;6
15.0;dfsioe;23.53;6
20.0;dfsioe;42.74;6
25.0;dfsioe;88.33;6
30.0;dfsioe;90.69;6
35.0;dfsioe;82.22;6
40.0;dfsioe;83.98;6
45.0;dfsioe;76.46000000000001;6
50.0;dfsioe;43.78;6
55.0;dfsioe;36.37;6
60.0;dfsioe;41.09;6
65.0;dfsioe;63.92;6
70.0;dfsioe;83.31;6
75.0;dfsioe;51.33;6
80.0;dfsioe;45.89;6
85.0;dfsioe;30.680000000000007;6
90.0;dfsioe;10.689999999999998;6
95.0;dfsioe;8.420000000000002;6
100.0;dfsioe;22.86;6
105.0;dfsioe;39.67;6
110.0;dfsioe;30.64;6
115.0;dfsioe;11.480000000000004;6
120.0;dfsioe;25.72;6
125.0;dfsioe;9.5;6
130.0;dfsioe;13.810000000000002;6
135.0;dfsioe;73.0;6
140.0;dfsioe;80.36;6
145.0;dfsioe;72.0;6
150.0;dfsioe;16.739999999999995;6
155.0;dfsioe;8.11;6
160.0;dfsioe;9.879999999999995;6
165.0;dfsioe;17.61;6
170.0;dfsioe;37.36;6
175.0;dfsioe;31.790000000000006;6
180.0;dfsioe;20.89;6
185.0;dfsioe;8.870000000000005;6
190.0;dfsioe;13.189999999999998;6
195.0;dfsioe;16.189999999999998;6
200.0;dfsioe;26.900000000000006;6
205.0;dfsioe;42.49;6
210.0;dfsioe;59.17;6
215.0;dfsioe;21.799999999999997;6
220.0;dfsioe;10.590000000000003;6
225.0;dfsioe;12.810000000000002;6
230.0;dfsioe;31.03;6
235.0;dfsioe;47.41;6
240.0;dfsioe;59.87;6
245.0;dfsioe;39.63;6
250.0;dfsioe;44.17;6
255.0;dfsioe;22.879999999999995;6
260.0;dfsioe;19.450000000000003;6
265.0;dfsioe;58.8;6
270.0;dfsioe;86.26;6
275.0;dfsioe;94.22;6
280.0;dfsioe;55.0;6
285.0;dfsioe;26.049999999999997;6
290.0;dfsioe;12.129999999999995;6
295.0;dfsioe;30.349999999999994;6
300.0;dfsioe;26.08;6
305.0;dfsioe;30.060000000000002;6
310.0;dfsioe;34.599999999999994;6
315.0;dfsioe;63.73;6
320.0;dfsioe;89.25;6
325.0;dfsioe;84.88;6
330.0;dfsioe;75.63;6
335.0;dfsioe;38.94;6
340.0;dfsioe;31.620000000000005;6
345.0;dfsioe;18.459999999999994;6
350.0;dfsioe;16.459999999999994;6
355.0;dfsioe;16.72;6
360.0;dfsioe;13.75;6
365.0;dfsioe;31.340000000000003;6
370.0;dfsioe;46.42;6
375.0;dfsioe;32.61;6
380.0;dfsioe;14.450000000000003;6
385.0;dfsioe;11.159999999999997;6
390.0;dfsioe;14.260000000000005;6
395.0;dfsioe;10.719999999999999;6
400.0;dfsioe;39.48;6
405.0;dfsioe;68.5;6
410.0;dfsioe;24.89;6
415.0;dfsioe;12.530000000000001;6
420.0;dfsioe;18.260000000000005;6
425.0;dfsioe;10.11;6
430.0;dfsioe;24.14;6
435.0;dfsioe;42.62;6
440.0;dfsioe;50.75;6
445.0;dfsioe;12.849999999999994;6
450.0;dfsioe;16.519999999999996;6
455.0;dfsioe;10.269999999999996;6
460.0;dfsioe;10.349999999999994;6
465.0;dfsioe;30.370000000000005;6
470.0;dfsioe;43.4;6
475.0;dfsioe;28.200000000000003;6
480.0;dfsioe;17.310000000000002;6
485.0;dfsioe;15.5;6
490.0;dfsioe;13.0;6
495.0;dfsioe;66.08;6
500.0;dfsioe;79.34;6
505.0;dfsioe;58.26;6
510.0;dfsioe;22.75;6
515.0;dfsioe;16.89;6
520.0;dfsioe;9.439999999999998;6
525.0;dfsioe;9.159999999999997;6
530.0;dfsioe;37.73;6
535.0;dfsioe;60.08;6
540.0;dfsioe;65.00999999999999;6
545.0;dfsioe;70.37;6
550.0;dfsioe;82.78999999999999;6
555.0;dfsioe;69.62;6
560.0;dfsioe;51.39;6
565.0;dfsioe;89.37;6
570.0;dfsioe;95.01;6
575.0;dfsioe;97.43;6
580.0;dfsioe;97.08;6
585.0;dfsioe;91.31;6
590.0;dfsioe;39.44;6
595.0;dfsioe;54.08;6
600.0;dfsioe;53.45;6
605.0;dfsioe;37.23;6
610.0;dfsioe;40.88;6
615.0;dfsioe;27.340000000000003;6
620.0;dfsioe;38.42;6
625.0;dfsioe;74.24;6
630.0;dfsioe;41.65;6
635.0;dfsioe;36.66;6
640.0;dfsioe;36.55;6
645.0;dfsioe;30.239999999999995;6
650.0;dfsioe;11.959999999999994;6
655.0;dfsioe;12.930000000000007;6
660.0;dfsioe;11.069999999999993;6
665.0;dfsioe;26.709999999999994;6
670.0;dfsioe;43.06;6
675.0;dfsioe;80.28;6
680.0;dfsioe;67.96000000000001;6
685.0;dfsioe;13.409999999999997;6
690.0;dfsioe;12.540000000000006;6
695.0;dfsioe;8.36;6
700.0;dfsioe;25.870000000000005;6
705.0;dfsioe;40.73;6
710.0;dfsioe;23.58;6
715.0;dfsioe;11.75;6
720.0;dfsioe;15.909999999999997;6
725.0;dfsioe;8.319999999999993;6
730.0;dfsioe;17.599999999999994;6
735.0;dfsioe;38.67;6
740.0;dfsioe;42.89;6
745.0;dfsioe;19.28;6
750.0;dfsioe;12.069999999999993;6
755.0;dfsioe;8.420000000000002;6
760.0;dfsioe;13.310000000000002;6
765.0;dfsioe;30.519999999999996;6
770.0;dfsioe;45.01;6
775.0;dfsioe;22.83;6
780.0;dfsioe;13.659999999999997;6
785.0;dfsioe;7.930000000000007;6
790.0;dfsioe;10.230000000000004;6
795.0;dfsioe;25.409999999999997;6
800.0;dfsioe;57.94;6
805.0;dfsioe;61.73;6
810.0;dfsioe;30.17;6
815.0;dfsioe;8.189999999999998;6
820.0;dfsioe;10.61;6
825.0;dfsioe;8.209999999999994;6
830.0;dfsioe;40.09;6
835.0;dfsioe;50.12;6
840.0;dfsioe;51.87;6
845.0;dfsioe;25.379999999999995;6
850.0;dfsioe;45.87;6
855.0;dfsioe;58.28;6
861.0;dfsioe;59.27;6
866.0;dfsioe;75.95;6
871.0;dfsioe;84.18;6
876.0;dfsioe;88.43;6
881.0;dfsioe;44.91;6
886.0;dfsioe;21.92;6
891.0;dfsioe;11.650000000000006;6
0.0;dfsioe;37.81;7
5.0;dfsioe;47.36;7
10.0;dfsioe;44.57;7
15.0;dfsioe;23.53;7
20.0;dfsioe;42.74;7
25.0;dfsioe;88.33;7
30.0;dfsioe;90.69;7
35.0;dfsioe;82.22;7
40.0;dfsioe;83.98;7
45.0;dfsioe;76.46000000000001;7
50.0;dfsioe;43.78;7
55.0;dfsioe;36.37;7
60.0;dfsioe;41.09;7
65.0;dfsioe;63.92;7
70.0;dfsioe;83.31;7
75.0;dfsioe;51.33;7
80.0;dfsioe;45.89;7
85.0;dfsioe;30.680000000000007;7
90.0;dfsioe;10.689999999999998;7
95.0;dfsioe;8.420000000000002;7
100.0;dfsioe;22.86;7
105.0;dfsioe;39.67;7
110.0;dfsioe;30.64;7
115.0;dfsioe;11.480000000000004;7
120.0;dfsioe;25.72;7
125.0;dfsioe;9.5;7
130.0;dfsioe;13.810000000000002;7
135.0;dfsioe;73.0;7
140.0;dfsioe;80.36;7
145.0;dfsioe;72.0;7
150.0;dfsioe;16.739999999999995;7
155.0;dfsioe;8.11;7
160.0;dfsioe;9.879999999999995;7
165.0;dfsioe;17.61;7
170.0;dfsioe;37.36;7
175.0;dfsioe;31.790000000000006;7
180.0;dfsioe;20.89;7
185.0;dfsioe;8.870000000000005;7
190.0;dfsioe;13.189999999999998;7
195.0;dfsioe;16.189999999999998;7
200.0;dfsioe;26.900000000000006;7
205.0;dfsioe;42.49;7
210.0;dfsioe;59.17;7
215.0;dfsioe;21.799999999999997;7
220.0;dfsioe;10.590000000000003;7
225.0;dfsioe;12.810000000000002;7
230.0;dfsioe;31.03;7
235.0;dfsioe;47.41;7
240.0;dfsioe;59.87;7
245.0;dfsioe;39.63;7
250.0;dfsioe;44.17;7
255.0;dfsioe;22.879999999999995;7
260.0;dfsioe;19.450000000000003;7
265.0;dfsioe;58.8;7
270.0;dfsioe;86.26;7
275.0;dfsioe;94.22;7
280.0;dfsioe;55.0;7
285.0;dfsioe;26.049999999999997;7
290.0;dfsioe;12.129999999999995;7
295.0;dfsioe;30.349999999999994;7
300.0;dfsioe;26.08;7
305.0;dfsioe;30.060000000000002;7
310.0;dfsioe;34.599999999999994;7
315.0;dfsioe;63.73;7
320.0;dfsioe;89.25;7
325.0;dfsioe;84.88;7
330.0;dfsioe;75.63;7
335.0;dfsioe;38.94;7
340.0;dfsioe;31.620000000000005;7
345.0;dfsioe;18.459999999999994;7
350.0;dfsioe;16.459999999999994;7
355.0;dfsioe;16.72;7
360.0;dfsioe;13.75;7
365.0;dfsioe;31.340000000000003;7
370.0;dfsioe;46.42;7
375.0;dfsioe;32.61;7
380.0;dfsioe;14.450000000000003;7
385.0;dfsioe;11.159999999999997;7
390.0;dfsioe;14.260000000000005;7
395.0;dfsioe;10.719999999999999;7
400.0;dfsioe;39.48;7
405.0;dfsioe;68.5;7
410.0;dfsioe;24.89;7
415.0;dfsioe;12.530000000000001;7
420.0;dfsioe;18.260000000000005;7
425.0;dfsioe;10.11;7
430.0;dfsioe;24.14;7
435.0;dfsioe;42.62;7
440.0;dfsioe;50.75;7
445.0;dfsioe;12.849999999999994;7
450.0;dfsioe;16.519999999999996;7
455.0;dfsioe;10.269999999999996;7
460.0;dfsioe;10.349999999999994;7
465.0;dfsioe;30.370000000000005;7
470.0;dfsioe;43.4;7
475.0;dfsioe;28.200000000000003;7
480.0;dfsioe;17.310000000000002;7
485.0;dfsioe;15.5;7
490.0;dfsioe;13.0;7
495.0;dfsioe;66.08;7
500.0;dfsioe;79.34;7
505.0;dfsioe;58.26;7
510.0;dfsioe;22.75;7
515.0;dfsioe;16.89;7
520.0;dfsioe;9.439999999999998;7
525.0;dfsioe;9.159999999999997;7
530.0;dfsioe;37.73;7
535.0;dfsioe;60.08;7
540.0;dfsioe;65.00999999999999;7
545.0;dfsioe;70.37;7
550.0;dfsioe;82.78999999999999;7
555.0;dfsioe;69.62;7
560.0;dfsioe;51.39;7
565.0;dfsioe;89.37;7
570.0;dfsioe;95.01;7
575.0;dfsioe;97.43;7
580.0;dfsioe;97.08;7
585.0;dfsioe;91.31;7
590.0;dfsioe;39.44;7
595.0;dfsioe;54.08;7
600.0;dfsioe;53.45;7
605.0;dfsioe;37.23;7
610.0;dfsioe;40.88;7
615.0;dfsioe;27.340000000000003;7
620.0;dfsioe;38.42;7
625.0;dfsioe;74.24;7
630.0;dfsioe;41.65;7
635.0;dfsioe;36.66;7
640.0;dfsioe;36.55;7
645.0;dfsioe;30.239999999999995;7
650.0;dfsioe;11.959999999999994;7
655.0;dfsioe;12.930000000000007;7
660.0;dfsioe;11.069999999999993;7
665.0;dfsioe;26.709999999999994;7
670.0;dfsioe;43.06;7
675.0;dfsioe;80.28;7
680.0;dfsioe;67.96000000000001;7
685.0;dfsioe;13.409999999999997;7
690.0;dfsioe;12.540000000000006;7
695.0;dfsioe;8.36;7
700.0;dfsioe;25.870000000000005;7
705.0;dfsioe;40.73;7
710.0;dfsioe;23.58;7
715.0;dfsioe;11.75;7
720.0;dfsioe;15.909999999999997;7
725.0;dfsioe;8.319999999999993;7
730.0;dfsioe;17.599999999999994;7
735.0;dfsioe;38.67;7
740.0;dfsioe;42.89;7
745.0;dfsioe;19.28;7
750.0;dfsioe;12.069999999999993;7
755.0;dfsioe;8.420000000000002;7
760.0;dfsioe;13.310000000000002;7
765.0;dfsioe;30.519999999999996;7
770.0;dfsioe;45.01;7
775.0;dfsioe;22.83;7
780.0;dfsioe;13.659999999999997;7
785.0;dfsioe;7.930000000000007;7
790.0;dfsioe;10.230000000000004;7
795.0;dfsioe;25.409999999999997;7
800.0;dfsioe;57.94;7
805.0;dfsioe;61.73;7
810.0;dfsioe;30.17;7
815.0;dfsioe;8.189999999999998;7
820.0;dfsioe;10.61;7
825.0;dfsioe;8.209999999999994;7
830.0;dfsioe;40.09;7
835.0;dfsioe;50.12;7
840.0;dfsioe;51.87;7
845.0;dfsioe;25.379999999999995;7
850.0;dfsioe;45.87;7
855.0;dfsioe;58.28;7
861.0;dfsioe;59.27;7
866.0;dfsioe;75.95;7
871.0;dfsioe;84.18;7
876.0;dfsioe;88.43;7
881.0;dfsioe;44.91;7
886.0;dfsioe;21.92;7
891.0;dfsioe;11.650000000000006;7
0.0;pagerank;30.909999999999997;0
5.0;pagerank;30.659999999999997;0
10.0;pagerank;10.409999999999997;0
15.0;pagerank;20.39;0
20.0;pagerank;32.72;0
25.0;pagerank;64.92;0
30.0;pagerank;75.85;0
35.0;pagerank;61.64;0
40.0;pagerank;55.09;0
45.0;pagerank;38.92;0
50.0;pagerank;20.450000000000003;0
55.0;pagerank;64.47999999999999;0
60.0;pagerank;84.92;0
65.0;pagerank;62.81;0
70.0;pagerank;32.92;0
75.0;pagerank;8.25;0
80.0;pagerank;10.030000000000001;0
85.0;pagerank;26.090000000000003;0
90.0;pagerank;44.93;0
95.0;pagerank;43.29;0
100.0;pagerank;32.629999999999995;0
105.0;pagerank;25.980000000000004;0
110.0;pagerank;39.46;0
115.0;pagerank;28.680000000000007;0
120.0;pagerank;35.760000000000005;0
125.0;pagerank;64.71000000000001;0
130.0;pagerank;73.95;0
135.0;pagerank;69.42;0
140.0;pagerank;40.43;0
145.0;pagerank;28.340000000000003;0
150.0;pagerank;26.790000000000006;0
155.0;pagerank;48.59;0
160.0;pagerank;36.82;0
165.0;pagerank;10.739999999999995;0
170.0;pagerank;8.769999999999996;0
175.0;pagerank;20.650000000000006;0
180.0;pagerank;42.82;0
185.0;pagerank;87.6;0
190.0;pagerank;89.62;0
195.0;pagerank;41.39;0
200.0;pagerank;34.97;0
205.0;pagerank;10.379999999999995;0
210.0;pagerank;10.930000000000007;0
215.0;pagerank;19.11;0
220.0;pagerank;32.91;0
225.0;pagerank;52.27;0
230.0;pagerank;23.069999999999993;0
235.0;pagerank;44.11;0
240.0;pagerank;51.51;0
245.0;pagerank;14.719999999999999;0
250.0;pagerank;25.299999999999997;0
255.0;pagerank;40.83;0
260.0;pagerank;22.950000000000003;0
265.0;pagerank;13.280000000000001;0
270.0;pagerank;9.5;0
275.0;pagerank;12.569999999999993;0
280.0;pagerank;17.590000000000003;0
285.0;pagerank;34.980000000000004;0
290.0;pagerank;31.17;0
295.0;pagerank;14.129999999999995;0
300.0;pagerank;11.790000000000006;0
305.0;pagerank;24.5;0
310.0;pagerank;11.409999999999997;0
315.0;pagerank;27.709999999999994;0
320.0;pagerank;36.87;0
325.0;pagerank;18.459999999999994;0
330.0;pagerank;33.709999999999994;0
335.0;pagerank;10.090000000000003;0
340.0;pagerank;17.409999999999997;0
345.0;pagerank;19.180000000000007;0
350.0;pagerank;39.66;0
355.0;pagerank;39.91;0
360.0;pagerank;10.700000000000003;0
365.0;pagerank;16.14;0
370.0;pagerank;28.540000000000006;0
375.0;pagerank;8.700000000000003;0
380.0;pagerank;36.22;0
385.0;pagerank;30.86;0
390.0;pagerank;24.319999999999993;0
395.0;pagerank;23.08;0
400.0;pagerank;33.540000000000006;0
405.0;pagerank;23.400000000000006;0
411.0;pagerank;53.05;0
416.0;pagerank;77.45;0
421.0;pagerank;80.13;0
426.0;pagerank;68.41;0
431.0;pagerank;74.42;0
436.0;pagerank;74.71000000000001;0
441.0;pagerank;31.36;0
446.0;pagerank;47.87;0
451.0;pagerank;30.14;0
456.0;pagerank;37.83;0
461.0;pagerank;25.0;0
466.0;pagerank;13.900000000000006;0
471.0;pagerank;12.319999999999993;0
476.0;pagerank;29.92;0
481.0;pagerank;56.61;0
486.0;pagerank;83.74;0
491.0;pagerank;78.14;0
496.0;pagerank;26.36;0
501.0;pagerank;10.469999999999999;0
506.0;pagerank;21.64;0
511.0;pagerank;26.64;0
516.0;pagerank;32.47;0
521.0;pagerank;27.760000000000005;0
526.0;pagerank;25.269999999999996;0
531.0;pagerank;24.22;0
536.0;pagerank;14.89;0
541.0;pagerank;17.42;0
546.0;pagerank;29.25;0
551.0;pagerank;31.739999999999995;0
556.0;pagerank;21.959999999999994;0
561.0;pagerank;12.129999999999995;0
566.0;pagerank;11.530000000000001;0
571.0;pagerank;12.849999999999994;0
576.0;pagerank;23.58;0
581.0;pagerank;33.09;0
586.0;pagerank;30.799999999999997;0
591.0;pagerank;9.560000000000002;0
596.0;pagerank;47.19;0
601.0;pagerank;52.84;0
606.0;pagerank;33.730000000000004;0
611.0;pagerank;29.75;0
616.0;pagerank;32.58;0
621.0;pagerank;17.459999999999994;0
626.0;pagerank;8.89;0
631.0;pagerank;15.260000000000005;0
636.0;pagerank;18.290000000000006;0
641.0;pagerank;22.72;0
646.0;pagerank;32.400000000000006;0
651.0;pagerank;34.19;0
656.0;pagerank;21.459999999999994;0
661.0;pagerank;8.799999999999997;0
666.0;pagerank;20.64;0
671.0;pagerank;33.22;0
676.0;pagerank;28.980000000000004;0
681.0;pagerank;39.52;0
686.0;pagerank;12.25;0
691.0;pagerank;17.019999999999996;0
696.0;pagerank;22.340000000000003;0
701.0;pagerank;44.18;0
706.0;pagerank;42.55;0
711.0;pagerank;66.65;0
716.0;pagerank;47.15;0
721.0;pagerank;9.400000000000006;0
726.0;pagerank;41.02;0
731.0;pagerank;78.17;0
736.0;pagerank;64.0;0
741.0;pagerank;57.88;0
746.0;pagerank;54.34;0
751.0;pagerank;18.879999999999995;0
756.0;pagerank;22.459999999999994;0
761.0;pagerank;24.129999999999995;0
766.0;pagerank;11.790000000000006;0
771.0;pagerank;23.39;0
776.0;pagerank;68.43;0
781.0;pagerank;90.4;0
786.0;pagerank;80.56;0
791.0;pagerank;79.16;0
796.0;pagerank;44.95;0
801.0;pagerank;13.489999999999995;0
806.0;pagerank;24.42;0
811.0;pagerank;33.870000000000005;0
816.0;pagerank;25.67;0
821.0;pagerank;15.230000000000004;0
826.0;pagerank;25.629999999999995;0
831.0;pagerank;33.64;0
836.0;pagerank;21.67;0
841.0;pagerank;27.930000000000007;0
846.0;pagerank;28.310000000000002;0
851.0;pagerank;16.510000000000005;0
856.0;pagerank;16.150000000000006;0
861.0;pagerank;11.909999999999997;0
866.0;pagerank;14.480000000000004;0
871.0;pagerank;24.5;0
876.0;pagerank;30.909999999999997;0
881.0;pagerank;23.75;0
886.0;pagerank;10.689999999999998;0
891.0;pagerank;15.090000000000003;0
896.0;pagerank;19.120000000000005;0
901.0;pagerank;18.78;0
906.0;pagerank;40.86;0
911.0;pagerank;30.150000000000006;0
916.0;pagerank;13.200000000000003;0
921.0;pagerank;15.670000000000002;0
926.0;pagerank;11.819999999999993;0
931.0;pagerank;15.230000000000004;0
936.0;pagerank;24.709999999999994;0
941.0;pagerank;36.0;0
946.0;pagerank;19.810000000000002;0
951.0;pagerank;16.58;0
956.0;pagerank;49.3;0
961.0;pagerank;50.98;0
966.0;pagerank;21.870000000000005;0
971.0;pagerank;50.29;0
976.0;pagerank;36.6;0
981.0;pagerank;10.260000000000005;0
986.0;pagerank;20.5;0
0.0;pagerank;30.909999999999997;1
5.0;pagerank;30.659999999999997;1
10.0;pagerank;10.409999999999997;1
15.0;pagerank;20.39;1
20.0;pagerank;32.72;1
25.0;pagerank;64.92;1
30.0;pagerank;75.85;1
35.0;pagerank;61.64;1
40.0;pagerank;55.09;1
45.0;pagerank;38.92;1
50.0;pagerank;20.450000000000003;1
55.0;pagerank;64.47999999999999;1
60.0;pagerank;84.92;1
65.0;pagerank;62.81;1
70.0;pagerank;32.92;1
75.0;pagerank;8.25;1
80.0;pagerank;10.030000000000001;1
85.0;pagerank;26.090000000000003;1
90.0;pagerank;44.93;1
95.0;pagerank;43.29;1
100.0;pagerank;32.629999999999995;1
105.0;pagerank;25.980000000000004;1
110.0;pagerank;39.46;1
115.0;pagerank;28.680000000000007;1
120.0;pagerank;35.760000000000005;1
125.0;pagerank;64.71000000000001;1
130.0;pagerank;73.95;1
135.0;pagerank;69.42;1
140.0;pagerank;40.43;1
145.0;pagerank;28.340000000000003;1
150.0;pagerank;26.790000000000006;1
155.0;pagerank;48.59;1
160.0;pagerank;36.82;1
165.0;pagerank;10.739999999999995;1
170.0;pagerank;8.769999999999996;1
175.0;pagerank;20.650000000000006;1
180.0;pagerank;42.82;1
185.0;pagerank;87.6;1
190.0;pagerank;89.62;1
195.0;pagerank;41.39;1
200.0;pagerank;34.97;1
205.0;pagerank;10.379999999999995;1
210.0;pagerank;10.930000000000007;1
215.0;pagerank;19.11;1
220.0;pagerank;32.91;1
225.0;pagerank;52.27;1
230.0;pagerank;23.069999999999993;1
235.0;pagerank;44.11;1
240.0;pagerank;51.51;1
245.0;pagerank;14.719999999999999;1
250.0;pagerank;25.299999999999997;1
255.0;pagerank;40.83;1
260.0;pagerank;22.950000000000003;1
265.0;pagerank;13.280000000000001;1
270.0;pagerank;9.5;1
275.0;pagerank;12.569999999999993;1
280.0;pagerank;17.590000000000003;1
285.0;pagerank;34.980000000000004;1
290.0;pagerank;31.17;1
295.0;pagerank;14.129999999999995;1
300.0;pagerank;11.790000000000006;1
305.0;pagerank;24.5;1
310.0;pagerank;11.409999999999997;1
315.0;pagerank;27.709999999999994;1
320.0;pagerank;36.87;1
325.0;pagerank;18.459999999999994;1
330.0;pagerank;33.709999999999994;1
335.0;pagerank;10.090000000000003;1
340.0;pagerank;17.409999999999997;1
345.0;pagerank;19.180000000000007;1
350.0;pagerank;39.66;1
355.0;pagerank;39.91;1
360.0;pagerank;10.700000000000003;1
365.0;pagerank;16.14;1
370.0;pagerank;28.540000000000006;1
375.0;pagerank;8.700000000000003;1
380.0;pagerank;36.22;1
385.0;pagerank;30.86;1
390.0;pagerank;24.319999999999993;1
395.0;pagerank;23.08;1
400.0;pagerank;33.540000000000006;1
405.0;pagerank;23.400000000000006;1
411.0;pagerank;53.05;1
416.0;pagerank;77.45;1
421.0;pagerank;80.13;1
426.0;pagerank;68.41;1
431.0;pagerank;74.42;1
436.0;pagerank;74.71000000000001;1
441.0;pagerank;31.36;1
446.0;pagerank;47.87;1
451.0;pagerank;30.14;1
456.0;pagerank;37.83;1
461.0;pagerank;25.0;1
466.0;pagerank;13.900000000000006;1
471.0;pagerank;12.319999999999993;1
476.0;pagerank;29.92;1
481.0;pagerank;56.61;1
486.0;pagerank;83.74;1
491.0;pagerank;78.14;1
496.0;pagerank;26.36;1
501.0;pagerank;10.469999999999999;1
506.0;pagerank;21.64;1
511.0;pagerank;26.64;1
516.0;pagerank;32.47;1
521.0;pagerank;27.760000000000005;1
526.0;pagerank;25.269999999999996;1
531.0;pagerank;24.22;1
536.0;pagerank;14.89;1
541.0;pagerank;17.42;1
546.0;pagerank;29.25;1
551.0;pagerank;31.739999999999995;1
556.0;pagerank;21.959999999999994;1
561.0;pagerank;12.129999999999995;1
566.0;pagerank;11.530000000000001;1
571.0;pagerank;12.849999999999994;1
576.0;pagerank;23.58;1
581.0;pagerank;33.09;1
586.0;pagerank;30.799999999999997;1
591.0;pagerank;9.560000000000002;1
596.0;pagerank;47.19;1
601.0;pagerank;52.84;1
606.0;pagerank;33.730000000000004;1
611.0;pagerank;29.75;1
616.0;pagerank;32.58;1
621.0;pagerank;17.459999999999994;1
626.0;pagerank;8.89;1
631.0;pagerank;15.260000000000005;1
636.0;pagerank;18.290000000000006;1
641.0;pagerank;22.72;1
646.0;pagerank;32.400000000000006;1
651.0;pagerank;34.19;1
656.0;pagerank;21.459999999999994;1
661.0;pagerank;8.799999999999997;1
666.0;pagerank;20.64;1
671.0;pagerank;33.22;1
676.0;pagerank;28.980000000000004;1
681.0;pagerank;39.52;1
686.0;pagerank;12.25;1
691.0;pagerank;17.019999999999996;1
696.0;pagerank;22.340000000000003;1
701.0;pagerank;44.18;1
706.0;pagerank;42.55;1
711.0;pagerank;66.65;1
716.0;pagerank;47.15;1
721.0;pagerank;9.400000000000006;1
726.0;pagerank;41.02;1
731.0;pagerank;78.17;1
736.0;pagerank;64.0;1
741.0;pagerank;57.88;1
746.0;pagerank;54.34;1
751.0;pagerank;18.879999999999995;1
756.0;pagerank;22.459999999999994;1
761.0;pagerank;24.129999999999995;1
766.0;pagerank;11.790000000000006;1
771.0;pagerank;23.39;1
776.0;pagerank;68.43;1
781.0;pagerank;90.4;1
786.0;pagerank;80.56;1
791.0;pagerank;79.16;1
796.0;pagerank;44.95;1
801.0;pagerank;13.489999999999995;1
806.0;pagerank;24.42;1
811.0;pagerank;33.870000000000005;1
816.0;pagerank;25.67;1
821.0;pagerank;15.230000000000004;1
826.0;pagerank;25.629999999999995;1
831.0;pagerank;33.64;1
836.0;pagerank;21.67;1
841.0;pagerank;27.930000000000007;1
846.0;pagerank;28.310000000000002;1
851.0;pagerank;16.510000000000005;1
856.0;pagerank;16.150000000000006;1
861.0;pagerank;11.909999999999997;1
866.0;pagerank;14.480000000000004;1
871.0;pagerank;24.5;1
876.0;pagerank;30.909999999999997;1
881.0;pagerank;23.75;1
886.0;pagerank;10.689999999999998;1
891.0;pagerank;15.090000000000003;1
896.0;pagerank;19.120000000000005;1
901.0;pagerank;18.78;1
906.0;pagerank;40.86;1
911.0;pagerank;30.150000000000006;1
916.0;pagerank;13.200000000000003;1
921.0;pagerank;15.670000000000002;1
926.0;pagerank;11.819999999999993;1
931.0;pagerank;15.230000000000004;1
936.0;pagerank;24.709999999999994;1
941.0;pagerank;36.0;1
946.0;pagerank;19.810000000000002;1
951.0;pagerank;16.58;1
956.0;pagerank;49.3;1
961.0;pagerank;50.98;1
966.0;pagerank;21.870000000000005;1
971.0;pagerank;50.29;1
976.0;pagerank;36.6;1
981.0;pagerank;10.260000000000005;1
986.0;pagerank;20.5;1
0.0;pagerank;30.909999999999997;2
5.0;pagerank;30.659999999999997;2
10.0;pagerank;10.409999999999997;2
15.0;pagerank;20.39;2
20.0;pagerank;32.72;2
25.0;pagerank;64.92;2
30.0;pagerank;75.85;2
35.0;pagerank;61.64;2
40.0;pagerank;55.09;2
45.0;pagerank;38.92;2
50.0;pagerank;20.450000000000003;2
55.0;pagerank;64.47999999999999;2
60.0;pagerank;84.92;2
65.0;pagerank;62.81;2
70.0;pagerank;32.92;2
75.0;pagerank;8.25;2
80.0;pagerank;10.030000000000001;2
85.0;pagerank;26.090000000000003;2
90.0;pagerank;44.93;2
95.0;pagerank;43.29;2
100.0;pagerank;32.629999999999995;2
105.0;pagerank;25.980000000000004;2
110.0;pagerank;39.46;2
115.0;pagerank;28.680000000000007;2
120.0;pagerank;35.760000000000005;2
125.0;pagerank;64.71000000000001;2
130.0;pagerank;73.95;2
135.0;pagerank;69.42;2
140.0;pagerank;40.43;2
145.0;pagerank;28.340000000000003;2
150.0;pagerank;26.790000000000006;2
155.0;pagerank;48.59;2
160.0;pagerank;36.82;2
165.0;pagerank;10.739999999999995;2
170.0;pagerank;8.769999999999996;2
175.0;pagerank;20.650000000000006;2
180.0;pagerank;42.82;2
185.0;pagerank;87.6;2
190.0;pagerank;89.62;2
195.0;pagerank;41.39;2
200.0;pagerank;34.97;2
205.0;pagerank;10.379999999999995;2
210.0;pagerank;10.930000000000007;2
215.0;pagerank;19.11;2
220.0;pagerank;32.91;2
225.0;pagerank;52.27;2
230.0;pagerank;23.069999999999993;2
235.0;pagerank;44.11;2
240.0;pagerank;51.51;2
245.0;pagerank;14.719999999999999;2
250.0;pagerank;25.299999999999997;2
255.0;pagerank;40.83;2
260.0;pagerank;22.950000000000003;2
265.0;pagerank;13.280000000000001;2
270.0;pagerank;9.5;2
275.0;pagerank;12.569999999999993;2
280.0;pagerank;17.590000000000003;2
285.0;pagerank;34.980000000000004;2
290.0;pagerank;31.17;2
295.0;pagerank;14.129999999999995;2
300.0;pagerank;11.790000000000006;2
305.0;pagerank;24.5;2
310.0;pagerank;11.409999999999997;2
315.0;pagerank;27.709999999999994;2
320.0;pagerank;36.87;2
325.0;pagerank;18.459999999999994;2
330.0;pagerank;33.709999999999994;2
335.0;pagerank;10.090000000000003;2
340.0;pagerank;17.409999999999997;2
345.0;pagerank;19.180000000000007;2
350.0;pagerank;39.66;2
355.0;pagerank;39.91;2
360.0;pagerank;10.700000000000003;2
365.0;pagerank;16.14;2
370.0;pagerank;28.540000000000006;2
375.0;pagerank;8.700000000000003;2
380.0;pagerank;36.22;2
385.0;pagerank;30.86;2
390.0;pagerank;24.319999999999993;2
395.0;pagerank;23.08;2
400.0;pagerank;33.540000000000006;2
405.0;pagerank;23.400000000000006;2
411.0;pagerank;53.05;2
416.0;pagerank;77.45;2
421.0;pagerank;80.13;2
426.0;pagerank;68.41;2
431.0;pagerank;74.42;2
436.0;pagerank;74.71000000000001;2
441.0;pagerank;31.36;2
446.0;pagerank;47.87;2
451.0;pagerank;30.14;2
456.0;pagerank;37.83;2
461.0;pagerank;25.0;2
466.0;pagerank;13.900000000000006;2
471.0;pagerank;12.319999999999993;2
476.0;pagerank;29.92;2
481.0;pagerank;56.61;2
486.0;pagerank;83.74;2
491.0;pagerank;78.14;2
496.0;pagerank;26.36;2
501.0;pagerank;10.469999999999999;2
506.0;pagerank;21.64;2
511.0;pagerank;26.64;2
516.0;pagerank;32.47;2
521.0;pagerank;27.760000000000005;2
526.0;pagerank;25.269999999999996;2
531.0;pagerank;24.22;2
536.0;pagerank;14.89;2
541.0;pagerank;17.42;2
546.0;pagerank;29.25;2
551.0;pagerank;31.739999999999995;2
556.0;pagerank;21.959999999999994;2
561.0;pagerank;12.129999999999995;2
566.0;pagerank;11.530000000000001;2
571.0;pagerank;12.849999999999994;2
576.0;pagerank;23.58;2
581.0;pagerank;33.09;2
586.0;pagerank;30.799999999999997;2
591.0;pagerank;9.560000000000002;2
596.0;pagerank;47.19;2
601.0;pagerank;52.84;2
606.0;pagerank;33.730000000000004;2
611.0;pagerank;29.75;2
616.0;pagerank;32.58;2
621.0;pagerank;17.459999999999994;2
626.0;pagerank;8.89;2
631.0;pagerank;15.260000000000005;2
636.0;pagerank;18.290000000000006;2
641.0;pagerank;22.72;2
646.0;pagerank;32.400000000000006;2
651.0;pagerank;34.19;2
656.0;pagerank;21.459999999999994;2
661.0;pagerank;8.799999999999997;2
666.0;pagerank;20.64;2
671.0;pagerank;33.22;2
676.0;pagerank;28.980000000000004;2
681.0;pagerank;39.52;2
686.0;pagerank;12.25;2
691.0;pagerank;17.019999999999996;2
696.0;pagerank;22.340000000000003;2
701.0;pagerank;44.18;2
706.0;pagerank;42.55;2
711.0;pagerank;66.65;2
716.0;pagerank;47.15;2
721.0;pagerank;9.400000000000006;2
726.0;pagerank;41.02;2
731.0;pagerank;78.17;2
736.0;pagerank;64.0;2
741.0;pagerank;57.88;2
746.0;pagerank;54.34;2
751.0;pagerank;18.879999999999995;2
756.0;pagerank;22.459999999999994;2
761.0;pagerank;24.129999999999995;2
766.0;pagerank;11.790000000000006;2
771.0;pagerank;23.39;2
776.0;pagerank;68.43;2
781.0;pagerank;90.4;2
786.0;pagerank;80.56;2
791.0;pagerank;79.16;2
796.0;pagerank;44.95;2
801.0;pagerank;13.489999999999995;2
806.0;pagerank;24.42;2
811.0;pagerank;33.870000000000005;2
816.0;pagerank;25.67;2
821.0;pagerank;15.230000000000004;2
826.0;pagerank;25.629999999999995;2
831.0;pagerank;33.64;2
836.0;pagerank;21.67;2
841.0;pagerank;27.930000000000007;2
846.0;pagerank;28.310000000000002;2
851.0;pagerank;16.510000000000005;2
856.0;pagerank;16.150000000000006;2
861.0;pagerank;11.909999999999997;2
866.0;pagerank;14.480000000000004;2
871.0;pagerank;24.5;2
876.0;pagerank;30.909999999999997;2
881.0;pagerank;23.75;2
886.0;pagerank;10.689999999999998;2
891.0;pagerank;15.090000000000003;2
896.0;pagerank;19.120000000000005;2
901.0;pagerank;18.78;2
906.0;pagerank;40.86;2
911.0;pagerank;30.150000000000006;2
916.0;pagerank;13.200000000000003;2
921.0;pagerank;15.670000000000002;2
926.0;pagerank;11.819999999999993;2
931.0;pagerank;15.230000000000004;2
936.0;pagerank;24.709999999999994;2
941.0;pagerank;36.0;2
946.0;pagerank;19.810000000000002;2
951.0;pagerank;16.58;2
956.0;pagerank;49.3;2
961.0;pagerank;50.98;2
966.0;pagerank;21.870000000000005;2
971.0;pagerank;50.29;2
976.0;pagerank;36.6;2
981.0;pagerank;10.260000000000005;2
986.0;pagerank;20.5;2
0.0;pagerank;30.909999999999997;3
5.0;pagerank;30.659999999999997;3
10.0;pagerank;10.409999999999997;3
15.0;pagerank;20.39;3
20.0;pagerank;32.72;3
25.0;pagerank;64.92;3
30.0;pagerank;75.85;3
35.0;pagerank;61.64;3
40.0;pagerank;55.09;3
45.0;pagerank;38.92;3
50.0;pagerank;20.450000000000003;3
55.0;pagerank;64.47999999999999;3
60.0;pagerank;84.92;3
65.0;pagerank;62.81;3
70.0;pagerank;32.92;3
75.0;pagerank;8.25;3
80.0;pagerank;10.030000000000001;3
85.0;pagerank;26.090000000000003;3
90.0;pagerank;44.93;3
95.0;pagerank;43.29;3
100.0;pagerank;32.629999999999995;3
105.0;pagerank;25.980000000000004;3
110.0;pagerank;39.46;3
115.0;pagerank;28.680000000000007;3
120.0;pagerank;35.760000000000005;3
125.0;pagerank;64.71000000000001;3
130.0;pagerank;73.95;3
135.0;pagerank;69.42;3
140.0;pagerank;40.43;3
145.0;pagerank;28.340000000000003;3
150.0;pagerank;26.790000000000006;3
155.0;pagerank;48.59;3
160.0;pagerank;36.82;3
165.0;pagerank;10.739999999999995;3
170.0;pagerank;8.769999999999996;3
175.0;pagerank;20.650000000000006;3
180.0;pagerank;42.82;3
185.0;pagerank;87.6;3
190.0;pagerank;89.62;3
195.0;pagerank;41.39;3
200.0;pagerank;34.97;3
205.0;pagerank;10.379999999999995;3
210.0;pagerank;10.930000000000007;3
215.0;pagerank;19.11;3
220.0;pagerank;32.91;3
225.0;pagerank;52.27;3
230.0;pagerank;23.069999999999993;3
235.0;pagerank;44.11;3
240.0;pagerank;51.51;3
245.0;pagerank;14.719999999999999;3
250.0;pagerank;25.299999999999997;3
255.0;pagerank;40.83;3
260.0;pagerank;22.950000000000003;3
265.0;pagerank;13.280000000000001;3
270.0;pagerank;9.5;3
275.0;pagerank;12.569999999999993;3
280.0;pagerank;17.590000000000003;3
285.0;pagerank;34.980000000000004;3
290.0;pagerank;31.17;3
295.0;pagerank;14.129999999999995;3
300.0;pagerank;11.790000000000006;3
305.0;pagerank;24.5;3
310.0;pagerank;11.409999999999997;3
315.0;pagerank;27.709999999999994;3
320.0;pagerank;36.87;3
325.0;pagerank;18.459999999999994;3
330.0;pagerank;33.709999999999994;3
335.0;pagerank;10.090000000000003;3
340.0;pagerank;17.409999999999997;3
345.0;pagerank;19.180000000000007;3
350.0;pagerank;39.66;3
355.0;pagerank;39.91;3
360.0;pagerank;10.700000000000003;3
365.0;pagerank;16.14;3
370.0;pagerank;28.540000000000006;3
375.0;pagerank;8.700000000000003;3
380.0;pagerank;36.22;3
385.0;pagerank;30.86;3
390.0;pagerank;24.319999999999993;3
395.0;pagerank;23.08;3
400.0;pagerank;33.540000000000006;3
405.0;pagerank;23.400000000000006;3
411.0;pagerank;53.05;3
416.0;pagerank;77.45;3
421.0;pagerank;80.13;3
426.0;pagerank;68.41;3
431.0;pagerank;74.42;3
436.0;pagerank;74.71000000000001;3
441.0;pagerank;31.36;3
446.0;pagerank;47.87;3
451.0;pagerank;30.14;3
456.0;pagerank;37.83;3
461.0;pagerank;25.0;3
466.0;pagerank;13.900000000000006;3
471.0;pagerank;12.319999999999993;3
476.0;pagerank;29.92;3
481.0;pagerank;56.61;3
486.0;pagerank;83.74;3
491.0;pagerank;78.14;3
496.0;pagerank;26.36;3
501.0;pagerank;10.469999999999999;3
506.0;pagerank;21.64;3
511.0;pagerank;26.64;3
516.0;pagerank;32.47;3
521.0;pagerank;27.760000000000005;3
526.0;pagerank;25.269999999999996;3
531.0;pagerank;24.22;3
536.0;pagerank;14.89;3
541.0;pagerank;17.42;3
546.0;pagerank;29.25;3
551.0;pagerank;31.739999999999995;3
556.0;pagerank;21.959999999999994;3
561.0;pagerank;12.129999999999995;3
566.0;pagerank;11.530000000000001;3
571.0;pagerank;12.849999999999994;3
576.0;pagerank;23.58;3
581.0;pagerank;33.09;3
586.0;pagerank;30.799999999999997;3
591.0;pagerank;9.560000000000002;3
596.0;pagerank;47.19;3
601.0;pagerank;52.84;3
606.0;pagerank;33.730000000000004;3
611.0;pagerank;29.75;3
616.0;pagerank;32.58;3
621.0;pagerank;17.459999999999994;3
626.0;pagerank;8.89;3
631.0;pagerank;15.260000000000005;3
636.0;pagerank;18.290000000000006;3
641.0;pagerank;22.72;3
646.0;pagerank;32.400000000000006;3
651.0;pagerank;34.19;3
656.0;pagerank;21.459999999999994;3
661.0;pagerank;8.799999999999997;3
666.0;pagerank;20.64;3
671.0;pagerank;33.22;3
676.0;pagerank;28.980000000000004;3
681.0;pagerank;39.52;3
686.0;pagerank;12.25;3
691.0;pagerank;17.019999999999996;3
696.0;pagerank;22.340000000000003;3
701.0;pagerank;44.18;3
706.0;pagerank;42.55;3
711.0;pagerank;66.65;3
716.0;pagerank;47.15;3
721.0;pagerank;9.400000000000006;3
726.0;pagerank;41.02;3
731.0;pagerank;78.17;3
736.0;pagerank;64.0;3
741.0;pagerank;57.88;3
746.0;pagerank;54.34;3
751.0;pagerank;18.879999999999995;3
756.0;pagerank;22.459999999999994;3
761.0;pagerank;24.129999999999995;3
766.0;pagerank;11.790000000000006;3
771.0;pagerank;23.39;3
776.0;pagerank;68.43;3
781.0;pagerank;90.4;3
786.0;pagerank;80.56;3
791.0;pagerank;79.16;3
796.0;pagerank;44.95;3
801.0;pagerank;13.489999999999995;3
806.0;pagerank;24.42;3
811.0;pagerank;33.870000000000005;3
816.0;pagerank;25.67;3
821.0;pagerank;15.230000000000004;3
826.0;pagerank;25.629999999999995;3
831.0;pagerank;33.64;3
836.0;pagerank;21.67;3
841.0;pagerank;27.930000000000007;3
846.0;pagerank;28.310000000000002;3
851.0;pagerank;16.510000000000005;3
856.0;pagerank;16.150000000000006;3
861.0;pagerank;11.909999999999997;3
866.0;pagerank;14.480000000000004;3
871.0;pagerank;24.5;3
876.0;pagerank;30.909999999999997;3
881.0;pagerank;23.75;3
886.0;pagerank;10.689999999999998;3
891.0;pagerank;15.090000000000003;3
896.0;pagerank;19.120000000000005;3
901.0;pagerank;18.78;3
906.0;pagerank;40.86;3
911.0;pagerank;30.150000000000006;3
916.0;pagerank;13.200000000000003;3
921.0;pagerank;15.670000000000002;3
926.0;pagerank;11.819999999999993;3
931.0;pagerank;15.230000000000004;3
936.0;pagerank;24.709999999999994;3
941.0;pagerank;36.0;3
946.0;pagerank;19.810000000000002;3
951.0;pagerank;16.58;3
956.0;pagerank;49.3;3
961.0;pagerank;50.98;3
966.0;pagerank;21.870000000000005;3
971.0;pagerank;50.29;3
976.0;pagerank;36.6;3
981.0;pagerank;10.260000000000005;3
986.0;pagerank;20.5;3
0.0;pagerank;30.909999999999997;4
5.0;pagerank;30.659999999999997;4
10.0;pagerank;10.409999999999997;4
15.0;pagerank;20.39;4
20.0;pagerank;32.72;4
25.0;pagerank;64.92;4
30.0;pagerank;75.85;4
35.0;pagerank;61.64;4
40.0;pagerank;55.09;4
45.0;pagerank;38.92;4
50.0;pagerank;20.450000000000003;4
55.0;pagerank;64.47999999999999;4
60.0;pagerank;84.92;4
65.0;pagerank;62.81;4
70.0;pagerank;32.92;4
75.0;pagerank;8.25;4
80.0;pagerank;10.030000000000001;4
85.0;pagerank;26.090000000000003;4
90.0;pagerank;44.93;4
95.0;pagerank;43.29;4
100.0;pagerank;32.629999999999995;4
105.0;pagerank;25.980000000000004;4
110.0;pagerank;39.46;4
115.0;pagerank;28.680000000000007;4
120.0;pagerank;35.760000000000005;4
125.0;pagerank;64.71000000000001;4
130.0;pagerank;73.95;4
135.0;pagerank;69.42;4
140.0;pagerank;40.43;4
145.0;pagerank;28.340000000000003;4
150.0;pagerank;26.790000000000006;4
155.0;pagerank;48.59;4
160.0;pagerank;36.82;4
165.0;pagerank;10.739999999999995;4
170.0;pagerank;8.769999999999996;4
175.0;pagerank;20.650000000000006;4
180.0;pagerank;42.82;4
185.0;pagerank;87.6;4
190.0;pagerank;89.62;4
195.0;pagerank;41.39;4
200.0;pagerank;34.97;4
205.0;pagerank;10.379999999999995;4
210.0;pagerank;10.930000000000007;4
215.0;pagerank;19.11;4
220.0;pagerank;32.91;4
225.0;pagerank;52.27;4
230.0;pagerank;23.069999999999993;4
235.0;pagerank;44.11;4
240.0;pagerank;51.51;4
245.0;pagerank;14.719999999999999;4
250.0;pagerank;25.299999999999997;4
255.0;pagerank;40.83;4
260.0;pagerank;22.950000000000003;4
265.0;pagerank;13.280000000000001;4
270.0;pagerank;9.5;4
275.0;pagerank;12.569999999999993;4
280.0;pagerank;17.590000000000003;4
285.0;pagerank;34.980000000000004;4
290.0;pagerank;31.17;4
295.0;pagerank;14.129999999999995;4
300.0;pagerank;11.790000000000006;4
305.0;pagerank;24.5;4
310.0;pagerank;11.409999999999997;4
315.0;pagerank;27.709999999999994;4
320.0;pagerank;36.87;4
325.0;pagerank;18.459999999999994;4
330.0;pagerank;33.709999999999994;4
335.0;pagerank;10.090000000000003;4
340.0;pagerank;17.409999999999997;4
345.0;pagerank;19.180000000000007;4
350.0;pagerank;39.66;4
355.0;pagerank;39.91;4
360.0;pagerank;10.700000000000003;4
365.0;pagerank;16.14;4
370.0;pagerank;28.540000000000006;4
375.0;pagerank;8.700000000000003;4
380.0;pagerank;36.22;4
385.0;pagerank;30.86;4
390.0;pagerank;24.319999999999993;4
395.0;pagerank;23.08;4
400.0;pagerank;33.540000000000006;4
405.0;pagerank;23.400000000000006;4
411.0;pagerank;53.05;4
416.0;pagerank;77.45;4
421.0;pagerank;80.13;4
426.0;pagerank;68.41;4
431.0;pagerank;74.42;4
436.0;pagerank;74.71000000000001;4
441.0;pagerank;31.36;4
446.0;pagerank;47.87;4
451.0;pagerank;30.14;4
456.0;pagerank;37.83;4
461.0;pagerank;25.0;4
466.0;pagerank;13.900000000000006;4
471.0;pagerank;12.319999999999993;4
476.0;pagerank;29.92;4
481.0;pagerank;56.61;4
486.0;pagerank;83.74;4
491.0;pagerank;78.14;4
496.0;pagerank;26.36;4
501.0;pagerank;10.469999999999999;4
506.0;pagerank;21.64;4
511.0;pagerank;26.64;4
516.0;pagerank;32.47;4
521.0;pagerank;27.760000000000005;4
526.0;pagerank;25.269999999999996;4
531.0;pagerank;24.22;4
536.0;pagerank;14.89;4
541.0;pagerank;17.42;4
546.0;pagerank;29.25;4
551.0;pagerank;31.739999999999995;4
556.0;pagerank;21.959999999999994;4
561.0;pagerank;12.129999999999995;4
566.0;pagerank;11.530000000000001;4
571.0;pagerank;12.849999999999994;4
576.0;pagerank;23.58;4
581.0;pagerank;33.09;4
586.0;pagerank;30.799999999999997;4
591.0;pagerank;9.560000000000002;4
596.0;pagerank;47.19;4
601.0;pagerank;52.84;4
606.0;pagerank;33.730000000000004;4
611.0;pagerank;29.75;4
616.0;pagerank;32.58;4
621.0;pagerank;17.459999999999994;4
626.0;pagerank;8.89;4
631.0;pagerank;15.260000000000005;4
636.0;pagerank;18.290000000000006;4
641.0;pagerank;22.72;4
646.0;pagerank;32.400000000000006;4
651.0;pagerank;34.19;4
656.0;pagerank;21.459999999999994;4
661.0;pagerank;8.799999999999997;4
666.0;pagerank;20.64;4
671.0;pagerank;33.22;4
676.0;pagerank;28.980000000000004;4
681.0;pagerank;39.52;4
686.0;pagerank;12.25;4
691.0;pagerank;17.019999999999996;4
696.0;pagerank;22.340000000000003;4
701.0;pagerank;44.18;4
706.0;pagerank;42.55;4
711.0;pagerank;66.65;4
716.0;pagerank;47.15;4
721.0;pagerank;9.400000000000006;4
726.0;pagerank;41.02;4
731.0;pagerank;78.17;4
736.0;pagerank;64.0;4
741.0;pagerank;57.88;4
746.0;pagerank;54.34;4
751.0;pagerank;18.879999999999995;4
756.0;pagerank;22.459999999999994;4
761.0;pagerank;24.129999999999995;4
766.0;pagerank;11.790000000000006;4
771.0;pagerank;23.39;4
776.0;pagerank;68.43;4
781.0;pagerank;90.4;4
786.0;pagerank;80.56;4
791.0;pagerank;79.16;4
796.0;pagerank;44.95;4
801.0;pagerank;13.489999999999995;4
806.0;pagerank;24.42;4
811.0;pagerank;33.870000000000005;4
816.0;pagerank;25.67;4
821.0;pagerank;15.230000000000004;4
826.0;pagerank;25.629999999999995;4
831.0;pagerank;33.64;4
836.0;pagerank;21.67;4
841.0;pagerank;27.930000000000007;4
846.0;pagerank;28.310000000000002;4
851.0;pagerank;16.510000000000005;4
856.0;pagerank;16.150000000000006;4
861.0;pagerank;11.909999999999997;4
866.0;pagerank;14.480000000000004;4
871.0;pagerank;24.5;4
876.0;pagerank;30.909999999999997;4
881.0;pagerank;23.75;4
886.0;pagerank;10.689999999999998;4
891.0;pagerank;15.090000000000003;4
896.0;pagerank;19.120000000000005;4
901.0;pagerank;18.78;4
906.0;pagerank;40.86;4
911.0;pagerank;30.150000000000006;4
916.0;pagerank;13.200000000000003;4
921.0;pagerank;15.670000000000002;4
926.0;pagerank;11.819999999999993;4
931.0;pagerank;15.230000000000004;4
936.0;pagerank;24.709999999999994;4
941.0;pagerank;36.0;4
946.0;pagerank;19.810000000000002;4
951.0;pagerank;16.58;4
956.0;pagerank;49.3;4
961.0;pagerank;50.98;4
966.0;pagerank;21.870000000000005;4
971.0;pagerank;50.29;4
976.0;pagerank;36.6;4
981.0;pagerank;10.260000000000005;4
986.0;pagerank;20.5;4
0.0;pagerank;30.909999999999997;5
5.0;pagerank;30.659999999999997;5
10.0;pagerank;10.409999999999997;5
15.0;pagerank;20.39;5
20.0;pagerank;32.72;5
25.0;pagerank;64.92;5
30.0;pagerank;75.85;5
35.0;pagerank;61.64;5
40.0;pagerank;55.09;5
45.0;pagerank;38.92;5
50.0;pagerank;20.450000000000003;5
55.0;pagerank;64.47999999999999;5
60.0;pagerank;84.92;5
65.0;pagerank;62.81;5
70.0;pagerank;32.92;5
75.0;pagerank;8.25;5
80.0;pagerank;10.030000000000001;5
85.0;pagerank;26.090000000000003;5
90.0;pagerank;44.93;5
95.0;pagerank;43.29;5
100.0;pagerank;32.629999999999995;5
105.0;pagerank;25.980000000000004;5
110.0;pagerank;39.46;5
115.0;pagerank;28.680000000000007;5
120.0;pagerank;35.760000000000005;5
125.0;pagerank;64.71000000000001;5
130.0;pagerank;73.95;5
135.0;pagerank;69.42;5
140.0;pagerank;40.43;5
145.0;pagerank;28.340000000000003;5
150.0;pagerank;26.790000000000006;5
155.0;pagerank;48.59;5
160.0;pagerank;36.82;5
165.0;pagerank;10.739999999999995;5
170.0;pagerank;8.769999999999996;5
175.0;pagerank;20.650000000000006;5
180.0;pagerank;42.82;5
185.0;pagerank;87.6;5
190.0;pagerank;89.62;5
195.0;pagerank;41.39;5
200.0;pagerank;34.97;5
205.0;pagerank;10.379999999999995;5
210.0;pagerank;10.930000000000007;5
215.0;pagerank;19.11;5
220.0;pagerank;32.91;5
225.0;pagerank;52.27;5
230.0;pagerank;23.069999999999993;5
235.0;pagerank;44.11;5
240.0;pagerank;51.51;5
245.0;pagerank;14.719999999999999;5
250.0;pagerank;25.299999999999997;5
255.0;pagerank;40.83;5
260.0;pagerank;22.950000000000003;5
265.0;pagerank;13.280000000000001;5
270.0;pagerank;9.5;5
275.0;pagerank;12.569999999999993;5
280.0;pagerank;17.590000000000003;5
285.0;pagerank;34.980000000000004;5
290.0;pagerank;31.17;5
295.0;pagerank;14.129999999999995;5
300.0;pagerank;11.790000000000006;5
305.0;pagerank;24.5;5
310.0;pagerank;11.409999999999997;5
315.0;pagerank;27.709999999999994;5
320.0;pagerank;36.87;5
325.0;pagerank;18.459999999999994;5
330.0;pagerank;33.709999999999994;5
335.0;pagerank;10.090000000000003;5
340.0;pagerank;17.409999999999997;5
345.0;pagerank;19.180000000000007;5
350.0;pagerank;39.66;5
355.0;pagerank;39.91;5
360.0;pagerank;10.700000000000003;5
365.0;pagerank;16.14;5
370.0;pagerank;28.540000000000006;5
375.0;pagerank;8.700000000000003;5
380.0;pagerank;36.22;5
385.0;pagerank;30.86;5
390.0;pagerank;24.319999999999993;5
395.0;pagerank;23.08;5
400.0;pagerank;33.540000000000006;5
405.0;pagerank;23.400000000000006;5
411.0;pagerank;53.05;5
416.0;pagerank;77.45;5
421.0;pagerank;80.13;5
426.0;pagerank;68.41;5
431.0;pagerank;74.42;5
436.0;pagerank;74.71000000000001;5
441.0;pagerank;31.36;5
446.0;pagerank;47.87;5
451.0;pagerank;30.14;5
456.0;pagerank;37.83;5
461.0;pagerank;25.0;5
466.0;pagerank;13.900000000000006;5
471.0;pagerank;12.319999999999993;5
476.0;pagerank;29.92;5
481.0;pagerank;56.61;5
486.0;pagerank;83.74;5
491.0;pagerank;78.14;5
496.0;pagerank;26.36;5
501.0;pagerank;10.469999999999999;5
506.0;pagerank;21.64;5
511.0;pagerank;26.64;5
516.0;pagerank;32.47;5
521.0;pagerank;27.760000000000005;5
526.0;pagerank;25.269999999999996;5
531.0;pagerank;24.22;5
536.0;pagerank;14.89;5
541.0;pagerank;17.42;5
546.0;pagerank;29.25;5
551.0;pagerank;31.739999999999995;5
556.0;pagerank;21.959999999999994;5
561.0;pagerank;12.129999999999995;5
566.0;pagerank;11.530000000000001;5
571.0;pagerank;12.849999999999994;5
576.0;pagerank;23.58;5
581.0;pagerank;33.09;5
586.0;pagerank;30.799999999999997;5
591.0;pagerank;9.560000000000002;5
596.0;pagerank;47.19;5
601.0;pagerank;52.84;5
606.0;pagerank;33.730000000000004;5
611.0;pagerank;29.75;5
616.0;pagerank;32.58;5
621.0;pagerank;17.459999999999994;5
626.0;pagerank;8.89;5
631.0;pagerank;15.260000000000005;5
636.0;pagerank;18.290000000000006;5
641.0;pagerank;22.72;5
646.0;pagerank;32.400000000000006;5
651.0;pagerank;34.19;5
656.0;pagerank;21.459999999999994;5
661.0;pagerank;8.799999999999997;5
666.0;pagerank;20.64;5
671.0;pagerank;33.22;5
676.0;pagerank;28.980000000000004;5
681.0;pagerank;39.52;5
686.0;pagerank;12.25;5
691.0;pagerank;17.019999999999996;5
696.0;pagerank;22.340000000000003;5
701.0;pagerank;44.18;5
706.0;pagerank;42.55;5
711.0;pagerank;66.65;5
716.0;pagerank;47.15;5
721.0;pagerank;9.400000000000006;5
726.0;pagerank;41.02;5
731.0;pagerank;78.17;5
736.0;pagerank;64.0;5
741.0;pagerank;57.88;5
746.0;pagerank;54.34;5
751.0;pagerank;18.879999999999995;5
756.0;pagerank;22.459999999999994;5
761.0;pagerank;24.129999999999995;5
766.0;pagerank;11.790000000000006;5
771.0;pagerank;23.39;5
776.0;pagerank;68.43;5
781.0;pagerank;90.4;5
786.0;pagerank;80.56;5
791.0;pagerank;79.16;5
796.0;pagerank;44.95;5
801.0;pagerank;13.489999999999995;5
806.0;pagerank;24.42;5
811.0;pagerank;33.870000000000005;5
816.0;pagerank;25.67;5
821.0;pagerank;15.230000000000004;5
826.0;pagerank;25.629999999999995;5
831.0;pagerank;33.64;5
836.0;pagerank;21.67;5
841.0;pagerank;27.930000000000007;5
846.0;pagerank;28.310000000000002;5
851.0;pagerank;16.510000000000005;5
856.0;pagerank;16.150000000000006;5
861.0;pagerank;11.909999999999997;5
866.0;pagerank;14.480000000000004;5
871.0;pagerank;24.5;5
876.0;pagerank;30.909999999999997;5
881.0;pagerank;23.75;5
886.0;pagerank;10.689999999999998;5
891.0;pagerank;15.090000000000003;5
896.0;pagerank;19.120000000000005;5
901.0;pagerank;18.78;5
906.0;pagerank;40.86;5
911.0;pagerank;30.150000000000006;5
916.0;pagerank;13.200000000000003;5
921.0;pagerank;15.670000000000002;5
926.0;pagerank;11.819999999999993;5
931.0;pagerank;15.230000000000004;5
936.0;pagerank;24.709999999999994;5
941.0;pagerank;36.0;5
946.0;pagerank;19.810000000000002;5
951.0;pagerank;16.58;5
956.0;pagerank;49.3;5
961.0;pagerank;50.98;5
966.0;pagerank;21.870000000000005;5
971.0;pagerank;50.29;5
976.0;pagerank;36.6;5
981.0;pagerank;10.260000000000005;5
986.0;pagerank;20.5;5
0.0;pagerank;30.909999999999997;6
5.0;pagerank;30.659999999999997;6
10.0;pagerank;10.409999999999997;6
15.0;pagerank;20.39;6
20.0;pagerank;32.72;6
25.0;pagerank;64.92;6
30.0;pagerank;75.85;6
35.0;pagerank;61.64;6
40.0;pagerank;55.09;6
45.0;pagerank;38.92;6
50.0;pagerank;20.450000000000003;6
55.0;pagerank;64.47999999999999;6
60.0;pagerank;84.92;6
65.0;pagerank;62.81;6
70.0;pagerank;32.92;6
75.0;pagerank;8.25;6
80.0;pagerank;10.030000000000001;6
85.0;pagerank;26.090000000000003;6
90.0;pagerank;44.93;6
95.0;pagerank;43.29;6
100.0;pagerank;32.629999999999995;6
105.0;pagerank;25.980000000000004;6
110.0;pagerank;39.46;6
115.0;pagerank;28.680000000000007;6
120.0;pagerank;35.760000000000005;6
125.0;pagerank;64.71000000000001;6
130.0;pagerank;73.95;6
135.0;pagerank;69.42;6
140.0;pagerank;40.43;6
145.0;pagerank;28.340000000000003;6
150.0;pagerank;26.790000000000006;6
155.0;pagerank;48.59;6
160.0;pagerank;36.82;6
165.0;pagerank;10.739999999999995;6
170.0;pagerank;8.769999999999996;6
175.0;pagerank;20.650000000000006;6
180.0;pagerank;42.82;6
185.0;pagerank;87.6;6
190.0;pagerank;89.62;6
195.0;pagerank;41.39;6
200.0;pagerank;34.97;6
205.0;pagerank;10.379999999999995;6
210.0;pagerank;10.930000000000007;6
215.0;pagerank;19.11;6
220.0;pagerank;32.91;6
225.0;pagerank;52.27;6
230.0;pagerank;23.069999999999993;6
235.0;pagerank;44.11;6
240.0;pagerank;51.51;6
245.0;pagerank;14.719999999999999;6
250.0;pagerank;25.299999999999997;6
255.0;pagerank;40.83;6
260.0;pagerank;22.950000000000003;6
265.0;pagerank;13.280000000000001;6
270.0;pagerank;9.5;6
275.0;pagerank;12.569999999999993;6
280.0;pagerank;17.590000000000003;6
285.0;pagerank;34.980000000000004;6
290.0;pagerank;31.17;6
295.0;pagerank;14.129999999999995;6
300.0;pagerank;11.790000000000006;6
305.0;pagerank;24.5;6
310.0;pagerank;11.409999999999997;6
315.0;pagerank;27.709999999999994;6
320.0;pagerank;36.87;6
325.0;pagerank;18.459999999999994;6
330.0;pagerank;33.709999999999994;6
335.0;pagerank;10.090000000000003;6
340.0;pagerank;17.409999999999997;6
345.0;pagerank;19.180000000000007;6
350.0;pagerank;39.66;6
355.0;pagerank;39.91;6
360.0;pagerank;10.700000000000003;6
365.0;pagerank;16.14;6
370.0;pagerank;28.540000000000006;6
375.0;pagerank;8.700000000000003;6
380.0;pagerank;36.22;6
385.0;pagerank;30.86;6
390.0;pagerank;24.319999999999993;6
395.0;pagerank;23.08;6
400.0;pagerank;33.540000000000006;6
405.0;pagerank;23.400000000000006;6
411.0;pagerank;53.05;6
416.0;pagerank;77.45;6
421.0;pagerank;80.13;6
426.0;pagerank;68.41;6
431.0;pagerank;74.42;6
436.0;pagerank;74.71000000000001;6
441.0;pagerank;31.36;6
446.0;pagerank;47.87;6
451.0;pagerank;30.14;6
456.0;pagerank;37.83;6
461.0;pagerank;25.0;6
466.0;pagerank;13.900000000000006;6
471.0;pagerank;12.319999999999993;6
476.0;pagerank;29.92;6
481.0;pagerank;56.61;6
486.0;pagerank;83.74;6
491.0;pagerank;78.14;6
496.0;pagerank;26.36;6
501.0;pagerank;10.469999999999999;6
506.0;pagerank;21.64;6
511.0;pagerank;26.64;6
516.0;pagerank;32.47;6
521.0;pagerank;27.760000000000005;6
526.0;pagerank;25.269999999999996;6
531.0;pagerank;24.22;6
536.0;pagerank;14.89;6
541.0;pagerank;17.42;6
546.0;pagerank;29.25;6
551.0;pagerank;31.739999999999995;6
556.0;pagerank;21.959999999999994;6
561.0;pagerank;12.129999999999995;6
566.0;pagerank;11.530000000000001;6
571.0;pagerank;12.849999999999994;6
576.0;pagerank;23.58;6
581.0;pagerank;33.09;6
586.0;pagerank;30.799999999999997;6
591.0;pagerank;9.560000000000002;6
596.0;pagerank;47.19;6
601.0;pagerank;52.84;6
606.0;pagerank;33.730000000000004;6
611.0;pagerank;29.75;6
616.0;pagerank;32.58;6
621.0;pagerank;17.459999999999994;6
626.0;pagerank;8.89;6
631.0;pagerank;15.260000000000005;6
636.0;pagerank;18.290000000000006;6
641.0;pagerank;22.72;6
646.0;pagerank;32.400000000000006;6
651.0;pagerank;34.19;6
656.0;pagerank;21.459999999999994;6
661.0;pagerank;8.799999999999997;6
666.0;pagerank;20.64;6
671.0;pagerank;33.22;6
676.0;pagerank;28.980000000000004;6
681.0;pagerank;39.52;6
686.0;pagerank;12.25;6
691.0;pagerank;17.019999999999996;6
696.0;pagerank;22.340000000000003;6
701.0;pagerank;44.18;6
706.0;pagerank;42.55;6
711.0;pagerank;66.65;6
716.0;pagerank;47.15;6
721.0;pagerank;9.400000000000006;6
726.0;pagerank;41.02;6
731.0;pagerank;78.17;6
736.0;pagerank;64.0;6
741.0;pagerank;57.88;6
746.0;pagerank;54.34;6
751.0;pagerank;18.879999999999995;6
756.0;pagerank;22.459999999999994;6
761.0;pagerank;24.129999999999995;6
766.0;pagerank;11.790000000000006;6
771.0;pagerank;23.39;6
776.0;pagerank;68.43;6
781.0;pagerank;90.4;6
786.0;pagerank;80.56;6
791.0;pagerank;79.16;6
796.0;pagerank;44.95;6
801.0;pagerank;13.489999999999995;6
806.0;pagerank;24.42;6
811.0;pagerank;33.870000000000005;6
816.0;pagerank;25.67;6
821.0;pagerank;15.230000000000004;6
826.0;pagerank;25.629999999999995;6
831.0;pagerank;33.64;6
836.0;pagerank;21.67;6
841.0;pagerank;27.930000000000007;6
846.0;pagerank;28.310000000000002;6
851.0;pagerank;16.510000000000005;6
856.0;pagerank;16.150000000000006;6
861.0;pagerank;11.909999999999997;6
866.0;pagerank;14.480000000000004;6
871.0;pagerank;24.5;6
876.0;pagerank;30.909999999999997;6
881.0;pagerank;23.75;6
886.0;pagerank;10.689999999999998;6
891.0;pagerank;15.090000000000003;6
896.0;pagerank;19.120000000000005;6
901.0;pagerank;18.78;6
906.0;pagerank;40.86;6
911.0;pagerank;30.150000000000006;6
916.0;pagerank;13.200000000000003;6
921.0;pagerank;15.670000000000002;6
926.0;pagerank;11.819999999999993;6
931.0;pagerank;15.230000000000004;6
936.0;pagerank;24.709999999999994;6
941.0;pagerank;36.0;6
946.0;pagerank;19.810000000000002;6
951.0;pagerank;16.58;6
956.0;pagerank;49.3;6
961.0;pagerank;50.98;6
966.0;pagerank;21.870000000000005;6
971.0;pagerank;50.29;6
976.0;pagerank;36.6;6
981.0;pagerank;10.260000000000005;6
986.0;pagerank;20.5;6
0.0;pagerank;30.909999999999997;7
5.0;pagerank;30.659999999999997;7
10.0;pagerank;10.409999999999997;7
15.0;pagerank;20.39;7
20.0;pagerank;32.72;7
25.0;pagerank;64.92;7
30.0;pagerank;75.85;7
35.0;pagerank;61.64;7
40.0;pagerank;55.09;7
45.0;pagerank;38.92;7
50.0;pagerank;20.450000000000003;7
55.0;pagerank;64.47999999999999;7
60.0;pagerank;84.92;7
65.0;pagerank;62.81;7
70.0;pagerank;32.92;7
75.0;pagerank;8.25;7
80.0;pagerank;10.030000000000001;7
85.0;pagerank;26.090000000000003;7
90.0;pagerank;44.93;7
95.0;pagerank;43.29;7
100.0;pagerank;32.629999999999995;7
105.0;pagerank;25.980000000000004;7
110.0;pagerank;39.46;7
115.0;pagerank;28.680000000000007;7
120.0;pagerank;35.760000000000005;7
125.0;pagerank;64.71000000000001;7
130.0;pagerank;73.95;7
135.0;pagerank;69.42;7
140.0;pagerank;40.43;7
145.0;pagerank;28.340000000000003;7
150.0;pagerank;26.790000000000006;7
155.0;pagerank;48.59;7
160.0;pagerank;36.82;7
165.0;pagerank;10.739999999999995;7
170.0;pagerank;8.769999999999996;7
175.0;pagerank;20.650000000000006;7
180.0;pagerank;42.82;7
185.0;pagerank;87.6;7
190.0;pagerank;89.62;7
195.0;pagerank;41.39;7
200.0;pagerank;34.97;7
205.0;pagerank;10.379999999999995;7
210.0;pagerank;10.930000000000007;7
215.0;pagerank;19.11;7
220.0;pagerank;32.91;7
225.0;pagerank;52.27;7
230.0;pagerank;23.069999999999993;7
235.0;pagerank;44.11;7
240.0;pagerank;51.51;7
245.0;pagerank;14.719999999999999;7
250.0;pagerank;25.299999999999997;7
255.0;pagerank;40.83;7
260.0;pagerank;22.950000000000003;7
265.0;pagerank;13.280000000000001;7
270.0;pagerank;9.5;7
275.0;pagerank;12.569999999999993;7
280.0;pagerank;17.590000000000003;7
285.0;pagerank;34.980000000000004;7
290.0;pagerank;31.17;7
295.0;pagerank;14.129999999999995;7
300.0;pagerank;11.790000000000006;7
305.0;pagerank;24.5;7
310.0;pagerank;11.409999999999997;7
315.0;pagerank;27.709999999999994;7
320.0;pagerank;36.87;7
325.0;pagerank;18.459999999999994;7
330.0;pagerank;33.709999999999994;7
335.0;pagerank;10.090000000000003;7
340.0;pagerank;17.409999999999997;7
345.0;pagerank;19.180000000000007;7
350.0;pagerank;39.66;7
355.0;pagerank;39.91;7
360.0;pagerank;10.700000000000003;7
365.0;pagerank;16.14;7
370.0;pagerank;28.540000000000006;7
375.0;pagerank;8.700000000000003;7
380.0;pagerank;36.22;7
385.0;pagerank;30.86;7
390.0;pagerank;24.319999999999993;7
395.0;pagerank;23.08;7
400.0;pagerank;33.540000000000006;7
405.0;pagerank;23.400000000000006;7
411.0;pagerank;53.05;7
416.0;pagerank;77.45;7
421.0;pagerank;80.13;7
426.0;pagerank;68.41;7
431.0;pagerank;74.42;7
436.0;pagerank;74.71000000000001;7
441.0;pagerank;31.36;7
446.0;pagerank;47.87;7
451.0;pagerank;30.14;7
456.0;pagerank;37.83;7
461.0;pagerank;25.0;7
466.0;pagerank;13.900000000000006;7
471.0;pagerank;12.319999999999993;7
476.0;pagerank;29.92;7
481.0;pagerank;56.61;7
486.0;pagerank;83.74;7
491.0;pagerank;78.14;7
496.0;pagerank;26.36;7
501.0;pagerank;10.469999999999999;7
506.0;pagerank;21.64;7
511.0;pagerank;26.64;7
516.0;pagerank;32.47;7
521.0;pagerank;27.760000000000005;7
526.0;pagerank;25.269999999999996;7
531.0;pagerank;24.22;7
536.0;pagerank;14.89;7
541.0;pagerank;17.42;7
546.0;pagerank;29.25;7
551.0;pagerank;31.739999999999995;7
556.0;pagerank;21.959999999999994;7
561.0;pagerank;12.129999999999995;7
566.0;pagerank;11.530000000000001;7
571.0;pagerank;12.849999999999994;7
576.0;pagerank;23.58;7
581.0;pagerank;33.09;7
586.0;pagerank;30.799999999999997;7
591.0;pagerank;9.560000000000002;7
596.0;pagerank;47.19;7
601.0;pagerank;52.84;7
606.0;pagerank;33.730000000000004;7
611.0;pagerank;29.75;7
616.0;pagerank;32.58;7
621.0;pagerank;17.459999999999994;7
626.0;pagerank;8.89;7
631.0;pagerank;15.260000000000005;7
636.0;pagerank;18.290000000000006;7
641.0;pagerank;22.72;7
646.0;pagerank;32.400000000000006;7
651.0;pagerank;34.19;7
656.0;pagerank;21.459999999999994;7
661.0;pagerank;8.799999999999997;7
666.0;pagerank;20.64;7
671.0;pagerank;33.22;7
676.0;pagerank;28.980000000000004;7
681.0;pagerank;39.52;7
686.0;pagerank;12.25;7
691.0;pagerank;17.019999999999996;7
696.0;pagerank;22.340000000000003;7
701.0;pagerank;44.18;7
706.0;pagerank;42.55;7
711.0;pagerank;66.65;7
716.0;pagerank;47.15;7
721.0;pagerank;9.400000000000006;7
726.0;pagerank;41.02;7
731.0;pagerank;78.17;7
736.0;pagerank;64.0;7
741.0;pagerank;57.88;7
746.0;pagerank;54.34;7
751.0;pagerank;18.879999999999995;7
756.0;pagerank;22.459999999999994;7
761.0;pagerank;24.129999999999995;7
766.0;pagerank;11.790000000000006;7
771.0;pagerank;23.39;7
776.0;pagerank;68.43;7
781.0;pagerank;90.4;7
786.0;pagerank;80.56;7
791.0;pagerank;79.16;7
796.0;pagerank;44.95;7
801.0;pagerank;13.489999999999995;7
806.0;pagerank;24.42;7
811.0;pagerank;33.870000000000005;7
816.0;pagerank;25.67;7
821.0;pagerank;15.230000000000004;7
826.0;pagerank;25.629999999999995;7
831.0;pagerank;33.64;7
836.0;pagerank;21.67;7
841.0;pagerank;27.930000000000007;7
846.0;pagerank;28.310000000000002;7
851.0;pagerank;16.510000000000005;7
856.0;pagerank;16.150000000000006;7
861.0;pagerank;11.909999999999997;7
866.0;pagerank;14.480000000000004;7
871.0;pagerank;24.5;7
876.0;pagerank;30.909999999999997;7
881.0;pagerank;23.75;7
886.0;pagerank;10.689999999999998;7
891.0;pagerank;15.090000000000003;7
896.0;pagerank;19.120000000000005;7
901.0;pagerank;18.78;7
906.0;pagerank;40.86;7
911.0;pagerank;30.150000000000006;7
916.0;pagerank;13.200000000000003;7
921.0;pagerank;15.670000000000002;7
926.0;pagerank;11.819999999999993;7
931.0;pagerank;15.230000000000004;7
936.0;pagerank;24.709999999999994;7
941.0;pagerank;36.0;7
946.0;pagerank;19.810000000000002;7
951.0;pagerank;16.58;7
956.0;pagerank;49.3;7
961.0;pagerank;50.98;7
966.0;pagerank;21.870000000000005;7
971.0;pagerank;50.29;7
976.0;pagerank;36.6;7
981.0;pagerank;10.260000000000005;7
986.0;pagerank;20.5;7
0.0;terasort;36.86;0
5.0;terasort;13.269999999999996;0
10.0;terasort;18.730000000000004;0
15.0;terasort;11.879999999999995;0
20.0;terasort;20.92;0
25.0;terasort;81.39;0
30.0;terasort;74.38;0
35.0;terasort;72.66;0
40.0;terasort;56.05;0
45.0;terasort;70.66;0
50.0;terasort;42.3;0
55.0;terasort;36.3;0
60.0;terasort;55.56;0
65.0;terasort;66.67;0
70.0;terasort;36.93;0
75.0;terasort;16.230000000000004;0
80.0;terasort;45.81;0
85.0;terasort;64.87;0
90.0;terasort;73.71000000000001;0
95.0;terasort;56.12;0
100.0;terasort;44.42;0
105.0;terasort;15.430000000000007;0
110.0;terasort;21.5;0
115.0;terasort;44.0;0
120.0;terasort;15.549999999999997;0
125.0;terasort;28.25;0
130.0;terasort;70.32;0
135.0;terasort;90.1;0
140.0;terasort;93.94;0
145.0;terasort;79.31;0
150.0;terasort;33.11;0
155.0;terasort;19.17;0
160.0;terasort;31.22;0
165.0;terasort;36.97;0
170.0;terasort;17.340000000000003;0
175.0;terasort;11.760000000000005;0
180.0;terasort;18.560000000000002;0
185.0;terasort;28.989999999999995;0
190.0;terasort;30.72;0
195.0;terasort;29.629999999999995;0
200.0;terasort;27.33;0
205.0;terasort;11.010000000000005;0
210.0;terasort;8.430000000000007;0
215.0;terasort;19.209999999999994;0
220.0;terasort;16.010000000000005;0
225.0;terasort;30.349999999999994;0
230.0;terasort;33.849999999999994;0
235.0;terasort;21.299999999999997;0
240.0;terasort;8.969999999999999;0
245.0;terasort;16.67;0
250.0;terasort;17.47;0
0.0;terasort;36.86;1
5.0;terasort;13.269999999999996;1
10.0;terasort;18.730000000000004;1
15.0;terasort;11.879999999999995;1
20.0;terasort;20.92;1
25.0;terasort;81.39;1
30.0;terasort;74.38;1
35.0;terasort;72.66;1
40.0;terasort;56.05;1
45.0;terasort;70.66;1
50.0;terasort;42.3;1
55.0;terasort;36.3;1
60.0;terasort;55.56;1
65.0;terasort;66.67;1
70.0;terasort;36.93;1
75.0;terasort;16.230000000000004;1
80.0;terasort;45.81;1
85.0;terasort;64.87;1
90.0;terasort;73.71000000000001;1
95.0;terasort;56.12;1
100.0;terasort;44.42;1
105.0;terasort;15.430000000000007;1
110.0;terasort;21.5;1
115.0;terasort;44.0;1
120.0;terasort;15.549999999999997;1
125.0;terasort;28.25;1
130.0;terasort;70.32;1
135.0;terasort;90.1;1
140.0;terasort;93.94;1
145.0;terasort;79.31;1
150.0;terasort;33.11;1
155.0;terasort;19.17;1
160.0;terasort;31.22;1
165.0;terasort;36.97;1
170.0;terasort;17.340000000000003;1
175.0;terasort;11.760000000000005;1
180.0;terasort;18.560000000000002;1
185.0;terasort;28.989999999999995;1
190.0;terasort;30.72;1
195.0;terasort;29.629999999999995;1
200.0;terasort;27.33;1
205.0;terasort;11.010000000000005;1
210.0;terasort;8.430000000000007;1
215.0;terasort;19.209999999999994;1
220.0;terasort;16.010000000000005;1
225.0;terasort;30.349999999999994;1
230.0;terasort;33.849999999999994;1
235.0;terasort;21.299999999999997;1
240.0;terasort;8.969999999999999;1
245.0;terasort;16.67;1
250.0;terasort;17.47;1
0.0;terasort;36.86;2
5.0;terasort;13.269999999999996;2
10.0;terasort;18.730000000000004;2
15.0;terasort;11.879999999999995;2
20.0;terasort;20.92;2
25.0;terasort;81.39;2
30.0;terasort;74.38;2
35.0;terasort;72.66;2
40.0;terasort;56.05;2
45.0;terasort;70.66;2
50.0;terasort;42.3;2
55.0;terasort;36.3;2
60.0;terasort;55.56;2
65.0;terasort;66.67;2
70.0;terasort;36.93;2
75.0;terasort;16.230000000000004;2
80.0;terasort;45.81;2
85.0;terasort;64.87;2
90.0;terasort;73.71000000000001;2
95.0;terasort;56.12;2
100.0;terasort;44.42;2
105.0;terasort;15.430000000000007;2
110.0;terasort;21.5;2
115.0;terasort;44.0;2
120.0;terasort;15.549999999999997;2
125.0;terasort;28.25;2
130.0;terasort;70.32;2
135.0;terasort;90.1;2
140.0;terasort;93.94;2
145.0;terasort;79.31;2
150.0;terasort;33.11;2
155.0;terasort;19.17;2
160.0;terasort;31.22;2
165.0;terasort;36.97;2
170.0;terasort;17.340000000000003;2
175.0;terasort;11.760000000000005;2
180.0;terasort;18.560000000000002;2
185.0;terasort;28.989999999999995;2
190.0;terasort;30.72;2
195.0;terasort;29.629999999999995;2
200.0;terasort;27.33;2
205.0;terasort;11.010000000000005;2
210.0;terasort;8.430000000000007;2
215.0;terasort;19.209999999999994;2
220.0;terasort;16.010000000000005;2
225.0;terasort;30.349999999999994;2
230.0;terasort;33.849999999999994;2
235.0;terasort;21.299999999999997;2
240.0;terasort;8.969999999999999;2
245.0;terasort;16.67;2
250.0;terasort;17.47;2
0.0;terasort;36.86;3
5.0;terasort;13.269999999999996;3
10.0;terasort;18.730000000000004;3
15.0;terasort;11.879999999999995;3
20.0;terasort;20.92;3
25.0;terasort;81.39;3
30.0;terasort;74.38;3
35.0;terasort;72.66;3
40.0;terasort;56.05;3
45.0;terasort;70.66;3
50.0;terasort;42.3;3
55.0;terasort;36.3;3
60.0;terasort;55.56;3
65.0;terasort;66.67;3
70.0;terasort;36.93;3
75.0;terasort;16.230000000000004;3
80.0;terasort;45.81;3
85.0;terasort;64.87;3
90.0;terasort;73.71000000000001;3
95.0;terasort;56.12;3
100.0;terasort;44.42;3
105.0;terasort;15.430000000000007;3
110.0;terasort;21.5;3
115.0;terasort;44.0;3
120.0;terasort;15.549999999999997;3
125.0;terasort;28.25;3
130.0;terasort;70.32;3
135.0;terasort;90.1;3
140.0;terasort;93.94;3
145.0;terasort;79.31;3
150.0;terasort;33.11;3
155.0;terasort;19.17;3
160.0;terasort;31.22;3
165.0;terasort;36.97;3
170.0;terasort;17.340000000000003;3
175.0;terasort;11.760000000000005;3
180.0;terasort;18.560000000000002;3
185.0;terasort;28.989999999999995;3
190.0;terasort;30.72;3
195.0;terasort;29.629999999999995;3
200.0;terasort;27.33;3
205.0;terasort;11.010000000000005;3
210.0;terasort;8.430000000000007;3
215.0;terasort;19.209999999999994;3
220.0;terasort;16.010000000000005;3
225.0;terasort;30.349999999999994;3
230.0;terasort;33.849999999999994;3
235.0;terasort;21.299999999999997;3
240.0;terasort;8.969999999999999;3
245.0;terasort;16.67;3
250.0;terasort;17.47;3
0.0;terasort;36.86;4
5.0;terasort;13.269999999999996;4
10.0;terasort;18.730000000000004;4
15.0;terasort;11.879999999999995;4
20.0;terasort;20.92;4
25.0;terasort;81.39;4
30.0;terasort;74.38;4
35.0;terasort;72.66;4
40.0;terasort;56.05;4
45.0;terasort;70.66;4
50.0;terasort;42.3;4
55.0;terasort;36.3;4
60.0;terasort;55.56;4
65.0;terasort;66.67;4
70.0;terasort;36.93;4
75.0;terasort;16.230000000000004;4
80.0;terasort;45.81;4
85.0;terasort;64.87;4
90.0;terasort;73.71000000000001;4
95.0;terasort;56.12;4
100.0;terasort;44.42;4
105.0;terasort;15.430000000000007;4
110.0;terasort;21.5;4
115.0;terasort;44.0;4
120.0;terasort;15.549999999999997;4
125.0;terasort;28.25;4
130.0;terasort;70.32;4
135.0;terasort;90.1;4
140.0;terasort;93.94;4
145.0;terasort;79.31;4
150.0;terasort;33.11;4
155.0;terasort;19.17;4
160.0;terasort;31.22;4
165.0;terasort;36.97;4
170.0;terasort;17.340000000000003;4
175.0;terasort;11.760000000000005;4
180.0;terasort;18.560000000000002;4
185.0;terasort;28.989999999999995;4
190.0;terasort;30.72;4
195.0;terasort;29.629999999999995;4
200.0;terasort;27.33;4
205.0;terasort;11.010000000000005;4
210.0;terasort;8.430000000000007;4
215.0;terasort;19.209999999999994;4
220.0;terasort;16.010000000000005;4
225.0;terasort;30.349999999999994;4
230.0;terasort;33.849999999999994;4
235.0;terasort;21.299999999999997;4
240.0;terasort;8.969999999999999;4
245.0;terasort;16.67;4
250.0;terasort;17.47;4
0.0;terasort;36.86;5
5.0;terasort;13.269999999999996;5
10.0;terasort;18.730000000000004;5
15.0;terasort;11.879999999999995;5
20.0;terasort;20.92;5
25.0;terasort;81.39;5
30.0;terasort;74.38;5
35.0;terasort;72.66;5
40.0;terasort;56.05;5
45.0;terasort;70.66;5
50.0;terasort;42.3;5
55.0;terasort;36.3;5
60.0;terasort;55.56;5
65.0;terasort;66.67;5
70.0;terasort;36.93;5
75.0;terasort;16.230000000000004;5
80.0;terasort;45.81;5
85.0;terasort;64.87;5
90.0;terasort;73.71000000000001;5
95.0;terasort;56.12;5
100.0;terasort;44.42;5
105.0;terasort;15.430000000000007;5
110.0;terasort;21.5;5
115.0;terasort;44.0;5
120.0;terasort;15.549999999999997;5
125.0;terasort;28.25;5
130.0;terasort;70.32;5
135.0;terasort;90.1;5
140.0;terasort;93.94;5
145.0;terasort;79.31;5
150.0;terasort;33.11;5
155.0;terasort;19.17;5
160.0;terasort;31.22;5
165.0;terasort;36.97;5
170.0;terasort;17.340000000000003;5
175.0;terasort;11.760000000000005;5
180.0;terasort;18.560000000000002;5
185.0;terasort;28.989999999999995;5
190.0;terasort;30.72;5
195.0;terasort;29.629999999999995;5
200.0;terasort;27.33;5
205.0;terasort;11.010000000000005;5
210.0;terasort;8.430000000000007;5
215.0;terasort;19.209999999999994;5
220.0;terasort;16.010000000000005;5
225.0;terasort;30.349999999999994;5
230.0;terasort;33.849999999999994;5
235.0;terasort;21.299999999999997;5
240.0;terasort;8.969999999999999;5
245.0;terasort;16.67;5
250.0;terasort;17.47;5
0.0;terasort;36.86;6
5.0;terasort;13.269999999999996;6
10.0;terasort;18.730000000000004;6
15.0;terasort;11.879999999999995;6
20.0;terasort;20.92;6
25.0;terasort;81.39;6
30.0;terasort;74.38;6
35.0;terasort;72.66;6
40.0;terasort;56.05;6
45.0;terasort;70.66;6
50.0;terasort;42.3;6
55.0;terasort;36.3;6
60.0;terasort;55.56;6
65.0;terasort;66.67;6
70.0;terasort;36.93;6
75.0;terasort;16.230000000000004;6
80.0;terasort;45.81;6
85.0;terasort;64.87;6
90.0;terasort;73.71000000000001;6
95.0;terasort;56.12;6
100.0;terasort;44.42;6
105.0;terasort;15.430000000000007;6
110.0;terasort;21.5;6
115.0;terasort;44.0;6
120.0;terasort;15.549999999999997;6
125.0;terasort;28.25;6
130.0;terasort;70.32;6
135.0;terasort;90.1;6
140.0;terasort;93.94;6
145.0;terasort;79.31;6
150.0;terasort;33.11;6
155.0;terasort;19.17;6
160.0;terasort;31.22;6
165.0;terasort;36.97;6
170.0;terasort;17.340000000000003;6
175.0;terasort;11.760000000000005;6
180.0;terasort;18.560000000000002;6
185.0;terasort;28.989999999999995;6
190.0;terasort;30.72;6
195.0;terasort;29.629999999999995;6
200.0;terasort;27.33;6
205.0;terasort;11.010000000000005;6
210.0;terasort;8.430000000000007;6
215.0;terasort;19.209999999999994;6
220.0;terasort;16.010000000000005;6
225.0;terasort;30.349999999999994;6
230.0;terasort;33.849999999999994;6
235.0;terasort;21.299999999999997;6
240.0;terasort;8.969999999999999;6
245.0;terasort;16.67;6
250.0;terasort;17.47;6
0.0;terasort;36.86;7
5.0;terasort;13.269999999999996;7
10.0;terasort;18.730000000000004;7
15.0;terasort;11.879999999999995;7
20.0;terasort;20.92;7
25.0;terasort;81.39;7
30.0;terasort;74.38;7
35.0;terasort;72.66;7
40.0;terasort;56.05;7
45.0;terasort;70.66;7
50.0;terasort;42.3;7
55.0;terasort;36.3;7
60.0;terasort;55.56;7
65.0;terasort;66.67;7
70.0;terasort;36.93;7
75.0;terasort;16.230000000000004;7
80.0;terasort;45.81;7
85.0;terasort;64.87;7
90.0;terasort;73.71000000000001;7
95.0;terasort;56.12;7
100.0;terasort;44.42;7
105.0;terasort;15.430000000000007;7
110.0;terasort;21.5;7
115.0;terasort;44.0;7
120.0;terasort;15.549999999999997;7
125.0;terasort;28.25;7
130.0;terasort;70.32;7
135.0;terasort;90.1;7
140.0;terasort;93.94;7
145.0;terasort;79.31;7
150.0;terasort;33.11;7
155.0;terasort;19.17;7
160.0;terasort;31.22;7
165.0;terasort;36.97;7
170.0;terasort;17.340000000000003;7
175.0;terasort;11.760000000000005;7
180.0;terasort;18.560000000000002;7
185.0;terasort;28.989999999999995;7
190.0;terasort;30.72;7
195.0;terasort;29.629999999999995;7
200.0;terasort;27.33;7
205.0;terasort;11.010000000000005;7
210.0;terasort;8.430000000000007;7
215.0;terasort;19.209999999999994;7
220.0;terasort;16.010000000000005;7
225.0;terasort;30.349999999999994;7
230.0;terasort;33.849999999999994;7
235.0;terasort;21.299999999999997;7
240.0;terasort;8.969999999999999;7
245.0;terasort;16.67;7
250.0;terasort;17.47;7
