timeline;application;bread/s;bwrtn/s;worker
0.0;dfsioe;4422.4;35.2;0
5.0;dfsioe;2187.2;38.4;0
10.0;dfsioe;406.4;219.2;0
15.0;dfsioe;172.8;814.4;0
20.0;dfsioe;240.0;46.4;0
25.0;dfsioe;570.06;1753.29;0
30.0;dfsioe;3785.6;4856.0;0
35.0;dfsioe;6736.0;510.4;0
40.0;dfsioe;204.8;200.0;0
45.0;dfsioe;182.4;476.8;0
50.0;dfsioe;9174.4;19.2;0
55.0;dfsioe;11803.2;63504.0;0
60.0;dfsioe;6889.6;54462.4;0
65.0;dfsioe;4384.0;7371.2;0
70.0;dfsioe;2620.8;1032.0;0
75.0;dfsioe;7744.0;824.0;0
80.0;dfsioe;3422.4;24.0;0
85.0;dfsioe;1492.8;5139.2;0
90.0;dfsioe;40.0;76.8;0
95.0;dfsioe;30.4;9520.0;0
100.0;dfsioe;344.0;332.8;0
105.0;dfsioe;3964.8;396.8;0
110.0;dfsioe;171.2;35.2;0
115.0;dfsioe;48.0;484.8;0
120.0;dfsioe;721.6;5459.2;0
125.0;dfsioe;25.6;131.2;0
130.0;dfsioe;194.81;83.03;0
135.0;dfsioe;8785.6;11056.0;0
140.0;dfsioe;2136.0;9667.2;0
145.0;dfsioe;6888.0;7283.2;0
150.0;dfsioe;1867.2;188.8;0
155.0;dfsioe;14.4;11.2;0
160.0;dfsioe;152.0;11.2;0
165.0;dfsioe;175.65;22.36;0
170.0;dfsioe;1141.72;30.34;0
175.0;dfsioe;169.6;785.6;0
180.0;dfsioe;112.0;139.2;0
185.0;dfsioe;100.8;100.8;0
190.0;dfsioe;7249.6;28.8;0
195.0;dfsioe;291.2;67.2;0
200.0;dfsioe;102.4;25.6;0
205.0;dfsioe;2752.0;312.0;0
210.0;dfsioe;163.2;931.2;0
215.0;dfsioe;22.4;16.0;0
220.0;dfsioe;84.8;11.2;0
225.0;dfsioe;134.4;25.6;0
230.0;dfsioe;1038.4;22.4;0
235.0;dfsioe;201.6;152.0;0
240.0;dfsioe;739.2;337.6;0
245.0;dfsioe;307.2;110.4;0
250.0;dfsioe;2732.8;126.4;0
255.0;dfsioe;2129.6;667.2;0
260.0;dfsioe;371.2;17.6;0
265.0;dfsioe;1927.35;7972.85;0
270.0;dfsioe;1371.66;35.13;0
275.0;dfsioe;312.97;2998.8;0
280.0;dfsioe;1235.2;38.4;0
285.0;dfsioe;867.2;41.6;0
290.0;dfsioe;91.2;24.0;0
295.0;dfsioe;92.8;960.0;0
300.0;dfsioe;395.2;176.0;0
305.0;dfsioe;33.6;771.2;0
310.0;dfsioe;468.8;48.0;0
315.0;dfsioe;992.0;275.2;0
320.0;dfsioe;1096.0;5377.6;0
325.0;dfsioe;327.35;13719.76;0
330.0;dfsioe;10571.2;88.0;0
335.0;dfsioe;195.2;33.6;0
340.0;dfsioe;384.0;33.6;0
345.0;dfsioe;174.4;35.2;0
350.0;dfsioe;1249.6;16.0;0
355.0;dfsioe;147.2;972.8;0
360.0;dfsioe;76.8;11.2;0
365.0;dfsioe;2070.4;44.8;0
370.0;dfsioe;1475.2;43.2;0
375.0;dfsioe;257.6;60.8;0
380.0;dfsioe;222.4;16.0;0
385.0;dfsioe;2563.2;552.0;0
390.0;dfsioe;62.4;233.6;0
395.0;dfsioe;19.2;35.2;0
400.0;dfsioe;1545.6;40.0;0
405.0;dfsioe;2464.0;174.4;0
410.0;dfsioe;467.2;27.2;0
415.0;dfsioe;40.0;777.6;0
420.0;dfsioe;52.8;20.8;0
425.0;dfsioe;104.0;59.2;0
430.0;dfsioe;124.55;39.92;0
435.0;dfsioe;1232.0;675.2;0
440.0;dfsioe;1356.8;30.4;0
445.0;dfsioe;59.2;339.2;0
450.0;dfsioe;40.0;128.0;0
455.0;dfsioe;260.8;28.8;0
460.0;dfsioe;99.2;57.6;0
465.0;dfsioe;28.8;43.2;0
470.0;dfsioe;268.8;64.0;0
475.0;dfsioe;64.0;345.6;0
480.0;dfsioe;276.8;20.8;0
485.0;dfsioe;35.2;16.0;0
490.0;dfsioe;132.8;886.4;0
495.0;dfsioe;123.2;84.8;0
500.0;dfsioe;123.2;9198.4;0
505.0;dfsioe;1390.82;221.96;0
510.0;dfsioe;75.2;27.2;0
515.0;dfsioe;33.6;17.6;0
520.0;dfsioe;68.8;9.6;0
525.0;dfsioe;6.4;16.0;0
530.0;dfsioe;1993.6;32.0;0
535.0;dfsioe;400.8;838.32;0
540.0;dfsioe;4840.0;673.6;0
545.0;dfsioe;3494.4;44.8;0
550.0;dfsioe;1804.39;44.71;0
555.0;dfsioe;513.6;75.2;0
560.0;dfsioe;7016.0;38.4;0
565.0;dfsioe;7798.4;44187.2;0
570.0;dfsioe;7196.8;46174.4;0
575.0;dfsioe;12424.0;31801.6;0
580.0;dfsioe;6342.4;7032.0;0
585.0;dfsioe;5015.57;13341.32;0
590.0;dfsioe;667.2;12.8;0
595.0;dfsioe;3360.0;6193.6;0
600.0;dfsioe;2822.4;356.8;0
605.0;dfsioe;860.68;30.34;0
610.0;dfsioe;452.8;6566.4;0
615.0;dfsioe;13852.8;89.6;0
620.0;dfsioe;4784.0;40.0;0
625.0;dfsioe;2732.14;12677.05;0
630.0;dfsioe;9691.02;8060.68;0
635.0;dfsioe;1225.6;73.6;0
640.0;dfsioe;299.2;379.2;0
645.0;dfsioe;16.0;531.2;0
650.0;dfsioe;73.6;52.8;0
655.0;dfsioe;176.0;947.2;0
660.0;dfsioe;134.4;24.0;0
665.0;dfsioe;720.0;88.0;0
670.0;dfsioe;1441.6;300.8;0
675.0;dfsioe;1073.6;97.6;0
680.0;dfsioe;108.8;3145.6;0
685.0;dfsioe;377.6;649.6;0
690.0;dfsioe;342.4;24.0;0
695.0;dfsioe;33.6;28.8;0
700.0;dfsioe;169.6;276.8;0
705.0;dfsioe;218.76;49.5;0
710.0;dfsioe;65.6;27.2;0
715.0;dfsioe;123.2;908.8;0
720.0;dfsioe;225.6;12.8;0
725.0;dfsioe;30.4;9.6;0
730.0;dfsioe;169.6;22.4;0
735.0;dfsioe;120.0;260.8;0
740.0;dfsioe;624.0;28.8;0
745.0;dfsioe;246.4;337.6;0
750.0;dfsioe;142.4;217.6;0
755.0;dfsioe;41.6;94.4;0
760.0;dfsioe;297.6;20.8;0
765.0;dfsioe;12.8;769.6;0
770.0;dfsioe;1456.0;568.0;0
775.0;dfsioe;104.0;571.2;0
780.0;dfsioe;201.6;201.6;0
785.0;dfsioe;20.8;9.6;0
790.0;dfsioe;129.6;14.4;0
795.0;dfsioe;1417.6;374.4;0
800.0;dfsioe;212.8;25.6;0
805.0;dfsioe;1787.2;227.2;0
810.0;dfsioe;617.6;126.4;0
815.0;dfsioe;1.6;11.2;0
820.0;dfsioe;86.4;689.6;0
825.0;dfsioe;8.0;14.4;0
830.0;dfsioe;1328.0;172.8;0
835.0;dfsioe;153.6;46.4;0
840.0;dfsioe;857.6;49.6;0
845.0;dfsioe;443.2;28.8;0
850.0;dfsioe;2601.6;368.0;0
855.0;dfsioe;708.8;156.8;0
861.0;dfsioe;1272.0;10420.8;0
866.0;dfsioe;3897.8;46.31;0
871.0;dfsioe;238.4;46.4;0
876.0;dfsioe;1520.0;5595.2;0
881.0;dfsioe;476.8;27.2;0
886.0;dfsioe;331.2;14.4;0
891.0;dfsioe;326.4;193.6;0
0.0;dfsioe;4422.4;35.2;1
5.0;dfsioe;2187.2;38.4;1
10.0;dfsioe;406.4;219.2;1
15.0;dfsioe;172.8;814.4;1
20.0;dfsioe;240.0;46.4;1
25.0;dfsioe;570.06;1753.29;1
30.0;dfsioe;3785.6;4856.0;1
35.0;dfsioe;6736.0;510.4;1
40.0;dfsioe;204.8;200.0;1
45.0;dfsioe;182.4;476.8;1
50.0;dfsioe;9174.4;19.2;1
55.0;dfsioe;11803.2;63504.0;1
60.0;dfsioe;6889.6;54462.4;1
65.0;dfsioe;4384.0;7371.2;1
70.0;dfsioe;2620.8;1032.0;1
75.0;dfsioe;7744.0;824.0;1
80.0;dfsioe;3422.4;24.0;1
85.0;dfsioe;1492.8;5139.2;1
90.0;dfsioe;40.0;76.8;1
95.0;dfsioe;30.4;9520.0;1
100.0;dfsioe;344.0;332.8;1
105.0;dfsioe;3964.8;396.8;1
110.0;dfsioe;171.2;35.2;1
115.0;dfsioe;48.0;484.8;1
120.0;dfsioe;721.6;5459.2;1
125.0;dfsioe;25.6;131.2;1
130.0;dfsioe;194.81;83.03;1
135.0;dfsioe;8785.6;11056.0;1
140.0;dfsioe;2136.0;9667.2;1
145.0;dfsioe;6888.0;7283.2;1
150.0;dfsioe;1867.2;188.8;1
155.0;dfsioe;14.4;11.2;1
160.0;dfsioe;152.0;11.2;1
165.0;dfsioe;175.65;22.36;1
170.0;dfsioe;1141.72;30.34;1
175.0;dfsioe;169.6;785.6;1
180.0;dfsioe;112.0;139.2;1
185.0;dfsioe;100.8;100.8;1
190.0;dfsioe;7249.6;28.8;1
195.0;dfsioe;291.2;67.2;1
200.0;dfsioe;102.4;25.6;1
205.0;dfsioe;2752.0;312.0;1
210.0;dfsioe;163.2;931.2;1
215.0;dfsioe;22.4;16.0;1
220.0;dfsioe;84.8;11.2;1
225.0;dfsioe;134.4;25.6;1
230.0;dfsioe;1038.4;22.4;1
235.0;dfsioe;201.6;152.0;1
240.0;dfsioe;739.2;337.6;1
245.0;dfsioe;307.2;110.4;1
250.0;dfsioe;2732.8;126.4;1
255.0;dfsioe;2129.6;667.2;1
260.0;dfsioe;371.2;17.6;1
265.0;dfsioe;1927.35;7972.85;1
270.0;dfsioe;1371.66;35.13;1
275.0;dfsioe;312.97;2998.8;1
280.0;dfsioe;1235.2;38.4;1
285.0;dfsioe;867.2;41.6;1
290.0;dfsioe;91.2;24.0;1
295.0;dfsioe;92.8;960.0;1
300.0;dfsioe;395.2;176.0;1
305.0;dfsioe;33.6;771.2;1
310.0;dfsioe;468.8;48.0;1
315.0;dfsioe;992.0;275.2;1
320.0;dfsioe;1096.0;5377.6;1
325.0;dfsioe;327.35;13719.76;1
330.0;dfsioe;10571.2;88.0;1
335.0;dfsioe;195.2;33.6;1
340.0;dfsioe;384.0;33.6;1
345.0;dfsioe;174.4;35.2;1
350.0;dfsioe;1249.6;16.0;1
355.0;dfsioe;147.2;972.8;1
360.0;dfsioe;76.8;11.2;1
365.0;dfsioe;2070.4;44.8;1
370.0;dfsioe;1475.2;43.2;1
375.0;dfsioe;257.6;60.8;1
380.0;dfsioe;222.4;16.0;1
385.0;dfsioe;2563.2;552.0;1
390.0;dfsioe;62.4;233.6;1
395.0;dfsioe;19.2;35.2;1
400.0;dfsioe;1545.6;40.0;1
405.0;dfsioe;2464.0;174.4;1
410.0;dfsioe;467.2;27.2;1
415.0;dfsioe;40.0;777.6;1
420.0;dfsioe;52.8;20.8;1
425.0;dfsioe;104.0;59.2;1
430.0;dfsioe;124.55;39.92;1
435.0;dfsioe;1232.0;675.2;1
440.0;dfsioe;1356.8;30.4;1
445.0;dfsioe;59.2;339.2;1
450.0;dfsioe;40.0;128.0;1
455.0;dfsioe;260.8;28.8;1
460.0;dfsioe;99.2;57.6;1
465.0;dfsioe;28.8;43.2;1
470.0;dfsioe;268.8;64.0;1
475.0;dfsioe;64.0;345.6;1
480.0;dfsioe;276.8;20.8;1
485.0;dfsioe;35.2;16.0;1
490.0;dfsioe;132.8;886.4;1
495.0;dfsioe;123.2;84.8;1
500.0;dfsioe;123.2;9198.4;1
505.0;dfsioe;1390.82;221.96;1
510.0;dfsioe;75.2;27.2;1
515.0;dfsioe;33.6;17.6;1
520.0;dfsioe;68.8;9.6;1
525.0;dfsioe;6.4;16.0;1
530.0;dfsioe;1993.6;32.0;1
535.0;dfsioe;400.8;838.32;1
540.0;dfsioe;4840.0;673.6;1
545.0;dfsioe;3494.4;44.8;1
550.0;dfsioe;1804.39;44.71;1
555.0;dfsioe;513.6;75.2;1
560.0;dfsioe;7016.0;38.4;1
565.0;dfsioe;7798.4;44187.2;1
570.0;dfsioe;7196.8;46174.4;1
575.0;dfsioe;12424.0;31801.6;1
580.0;dfsioe;6342.4;7032.0;1
585.0;dfsioe;5015.57;13341.32;1
590.0;dfsioe;667.2;12.8;1
595.0;dfsioe;3360.0;6193.6;1
600.0;dfsioe;2822.4;356.8;1
605.0;dfsioe;860.68;30.34;1
610.0;dfsioe;452.8;6566.4;1
615.0;dfsioe;13852.8;89.6;1
620.0;dfsioe;4784.0;40.0;1
625.0;dfsioe;2732.14;12677.05;1
630.0;dfsioe;9691.02;8060.68;1
635.0;dfsioe;1225.6;73.6;1
640.0;dfsioe;299.2;379.2;1
645.0;dfsioe;16.0;531.2;1
650.0;dfsioe;73.6;52.8;1
655.0;dfsioe;176.0;947.2;1
660.0;dfsioe;134.4;24.0;1
665.0;dfsioe;720.0;88.0;1
670.0;dfsioe;1441.6;300.8;1
675.0;dfsioe;1073.6;97.6;1
680.0;dfsioe;108.8;3145.6;1
685.0;dfsioe;377.6;649.6;1
690.0;dfsioe;342.4;24.0;1
695.0;dfsioe;33.6;28.8;1
700.0;dfsioe;169.6;276.8;1
705.0;dfsioe;218.76;49.5;1
710.0;dfsioe;65.6;27.2;1
715.0;dfsioe;123.2;908.8;1
720.0;dfsioe;225.6;12.8;1
725.0;dfsioe;30.4;9.6;1
730.0;dfsioe;169.6;22.4;1
735.0;dfsioe;120.0;260.8;1
740.0;dfsioe;624.0;28.8;1
745.0;dfsioe;246.4;337.6;1
750.0;dfsioe;142.4;217.6;1
755.0;dfsioe;41.6;94.4;1
760.0;dfsioe;297.6;20.8;1
765.0;dfsioe;12.8;769.6;1
770.0;dfsioe;1456.0;568.0;1
775.0;dfsioe;104.0;571.2;1
780.0;dfsioe;201.6;201.6;1
785.0;dfsioe;20.8;9.6;1
790.0;dfsioe;129.6;14.4;1
795.0;dfsioe;1417.6;374.4;1
800.0;dfsioe;212.8;25.6;1
805.0;dfsioe;1787.2;227.2;1
810.0;dfsioe;617.6;126.4;1
815.0;dfsioe;1.6;11.2;1
820.0;dfsioe;86.4;689.6;1
825.0;dfsioe;8.0;14.4;1
830.0;dfsioe;1328.0;172.8;1
835.0;dfsioe;153.6;46.4;1
840.0;dfsioe;857.6;49.6;1
845.0;dfsioe;443.2;28.8;1
850.0;dfsioe;2601.6;368.0;1
855.0;dfsioe;708.8;156.8;1
861.0;dfsioe;1272.0;10420.8;1
866.0;dfsioe;3897.8;46.31;1
871.0;dfsioe;238.4;46.4;1
876.0;dfsioe;1520.0;5595.2;1
881.0;dfsioe;476.8;27.2;1
886.0;dfsioe;331.2;14.4;1
891.0;dfsioe;326.4;193.6;1
0.0;dfsioe;4422.4;35.2;2
5.0;dfsioe;2187.2;38.4;2
10.0;dfsioe;406.4;219.2;2
15.0;dfsioe;172.8;814.4;2
20.0;dfsioe;240.0;46.4;2
25.0;dfsioe;570.06;1753.29;2
30.0;dfsioe;3785.6;4856.0;2
35.0;dfsioe;6736.0;510.4;2
40.0;dfsioe;204.8;200.0;2
45.0;dfsioe;182.4;476.8;2
50.0;dfsioe;9174.4;19.2;2
55.0;dfsioe;11803.2;63504.0;2
60.0;dfsioe;6889.6;54462.4;2
65.0;dfsioe;4384.0;7371.2;2
70.0;dfsioe;2620.8;1032.0;2
75.0;dfsioe;7744.0;824.0;2
80.0;dfsioe;3422.4;24.0;2
85.0;dfsioe;1492.8;5139.2;2
90.0;dfsioe;40.0;76.8;2
95.0;dfsioe;30.4;9520.0;2
100.0;dfsioe;344.0;332.8;2
105.0;dfsioe;3964.8;396.8;2
110.0;dfsioe;171.2;35.2;2
115.0;dfsioe;48.0;484.8;2
120.0;dfsioe;721.6;5459.2;2
125.0;dfsioe;25.6;131.2;2
130.0;dfsioe;194.81;83.03;2
135.0;dfsioe;8785.6;11056.0;2
140.0;dfsioe;2136.0;9667.2;2
145.0;dfsioe;6888.0;7283.2;2
150.0;dfsioe;1867.2;188.8;2
155.0;dfsioe;14.4;11.2;2
160.0;dfsioe;152.0;11.2;2
165.0;dfsioe;175.65;22.36;2
170.0;dfsioe;1141.72;30.34;2
175.0;dfsioe;169.6;785.6;2
180.0;dfsioe;112.0;139.2;2
185.0;dfsioe;100.8;100.8;2
190.0;dfsioe;7249.6;28.8;2
195.0;dfsioe;291.2;67.2;2
200.0;dfsioe;102.4;25.6;2
205.0;dfsioe;2752.0;312.0;2
210.0;dfsioe;163.2;931.2;2
215.0;dfsioe;22.4;16.0;2
220.0;dfsioe;84.8;11.2;2
225.0;dfsioe;134.4;25.6;2
230.0;dfsioe;1038.4;22.4;2
235.0;dfsioe;201.6;152.0;2
240.0;dfsioe;739.2;337.6;2
245.0;dfsioe;307.2;110.4;2
250.0;dfsioe;2732.8;126.4;2
255.0;dfsioe;2129.6;667.2;2
260.0;dfsioe;371.2;17.6;2
265.0;dfsioe;1927.35;7972.85;2
270.0;dfsioe;1371.66;35.13;2
275.0;dfsioe;312.97;2998.8;2
280.0;dfsioe;1235.2;38.4;2
285.0;dfsioe;867.2;41.6;2
290.0;dfsioe;91.2;24.0;2
295.0;dfsioe;92.8;960.0;2
300.0;dfsioe;395.2;176.0;2
305.0;dfsioe;33.6;771.2;2
310.0;dfsioe;468.8;48.0;2
315.0;dfsioe;992.0;275.2;2
320.0;dfsioe;1096.0;5377.6;2
325.0;dfsioe;327.35;13719.76;2
330.0;dfsioe;10571.2;88.0;2
335.0;dfsioe;195.2;33.6;2
340.0;dfsioe;384.0;33.6;2
345.0;dfsioe;174.4;35.2;2
350.0;dfsioe;1249.6;16.0;2
355.0;dfsioe;147.2;972.8;2
360.0;dfsioe;76.8;11.2;2
365.0;dfsioe;2070.4;44.8;2
370.0;dfsioe;1475.2;43.2;2
375.0;dfsioe;257.6;60.8;2
380.0;dfsioe;222.4;16.0;2
385.0;dfsioe;2563.2;552.0;2
390.0;dfsioe;62.4;233.6;2
395.0;dfsioe;19.2;35.2;2
400.0;dfsioe;1545.6;40.0;2
405.0;dfsioe;2464.0;174.4;2
410.0;dfsioe;467.2;27.2;2
415.0;dfsioe;40.0;777.6;2
420.0;dfsioe;52.8;20.8;2
425.0;dfsioe;104.0;59.2;2
430.0;dfsioe;124.55;39.92;2
435.0;dfsioe;1232.0;675.2;2
440.0;dfsioe;1356.8;30.4;2
445.0;dfsioe;59.2;339.2;2
450.0;dfsioe;40.0;128.0;2
455.0;dfsioe;260.8;28.8;2
460.0;dfsioe;99.2;57.6;2
465.0;dfsioe;28.8;43.2;2
470.0;dfsioe;268.8;64.0;2
475.0;dfsioe;64.0;345.6;2
480.0;dfsioe;276.8;20.8;2
485.0;dfsioe;35.2;16.0;2
490.0;dfsioe;132.8;886.4;2
495.0;dfsioe;123.2;84.8;2
500.0;dfsioe;123.2;9198.4;2
505.0;dfsioe;1390.82;221.96;2
510.0;dfsioe;75.2;27.2;2
515.0;dfsioe;33.6;17.6;2
520.0;dfsioe;68.8;9.6;2
525.0;dfsioe;6.4;16.0;2
530.0;dfsioe;1993.6;32.0;2
535.0;dfsioe;400.8;838.32;2
540.0;dfsioe;4840.0;673.6;2
545.0;dfsioe;3494.4;44.8;2
550.0;dfsioe;1804.39;44.71;2
555.0;dfsioe;513.6;75.2;2
560.0;dfsioe;7016.0;38.4;2
565.0;dfsioe;7798.4;44187.2;2
570.0;dfsioe;7196.8;46174.4;2
575.0;dfsioe;12424.0;31801.6;2
580.0;dfsioe;6342.4;7032.0;2
585.0;dfsioe;5015.57;13341.32;2
590.0;dfsioe;667.2;12.8;2
595.0;dfsioe;3360.0;6193.6;2
600.0;dfsioe;2822.4;356.8;2
605.0;dfsioe;860.68;30.34;2
610.0;dfsioe;452.8;6566.4;2
615.0;dfsioe;13852.8;89.6;2
620.0;dfsioe;4784.0;40.0;2
625.0;dfsioe;2732.14;12677.05;2
630.0;dfsioe;9691.02;8060.68;2
635.0;dfsioe;1225.6;73.6;2
640.0;dfsioe;299.2;379.2;2
645.0;dfsioe;16.0;531.2;2
650.0;dfsioe;73.6;52.8;2
655.0;dfsioe;176.0;947.2;2
660.0;dfsioe;134.4;24.0;2
665.0;dfsioe;720.0;88.0;2
670.0;dfsioe;1441.6;300.8;2
675.0;dfsioe;1073.6;97.6;2
680.0;dfsioe;108.8;3145.6;2
685.0;dfsioe;377.6;649.6;2
690.0;dfsioe;342.4;24.0;2
695.0;dfsioe;33.6;28.8;2
700.0;dfsioe;169.6;276.8;2
705.0;dfsioe;218.76;49.5;2
710.0;dfsioe;65.6;27.2;2
715.0;dfsioe;123.2;908.8;2
720.0;dfsioe;225.6;12.8;2
725.0;dfsioe;30.4;9.6;2
730.0;dfsioe;169.6;22.4;2
735.0;dfsioe;120.0;260.8;2
740.0;dfsioe;624.0;28.8;2
745.0;dfsioe;246.4;337.6;2
750.0;dfsioe;142.4;217.6;2
755.0;dfsioe;41.6;94.4;2
760.0;dfsioe;297.6;20.8;2
765.0;dfsioe;12.8;769.6;2
770.0;dfsioe;1456.0;568.0;2
775.0;dfsioe;104.0;571.2;2
780.0;dfsioe;201.6;201.6;2
785.0;dfsioe;20.8;9.6;2
790.0;dfsioe;129.6;14.4;2
795.0;dfsioe;1417.6;374.4;2
800.0;dfsioe;212.8;25.6;2
805.0;dfsioe;1787.2;227.2;2
810.0;dfsioe;617.6;126.4;2
815.0;dfsioe;1.6;11.2;2
820.0;dfsioe;86.4;689.6;2
825.0;dfsioe;8.0;14.4;2
830.0;dfsioe;1328.0;172.8;2
835.0;dfsioe;153.6;46.4;2
840.0;dfsioe;857.6;49.6;2
845.0;dfsioe;443.2;28.8;2
850.0;dfsioe;2601.6;368.0;2
855.0;dfsioe;708.8;156.8;2
861.0;dfsioe;1272.0;10420.8;2
866.0;dfsioe;3897.8;46.31;2
871.0;dfsioe;238.4;46.4;2
876.0;dfsioe;1520.0;5595.2;2
881.0;dfsioe;476.8;27.2;2
886.0;dfsioe;331.2;14.4;2
891.0;dfsioe;326.4;193.6;2
0.0;dfsioe;4422.4;35.2;3
5.0;dfsioe;2187.2;38.4;3
10.0;dfsioe;406.4;219.2;3
15.0;dfsioe;172.8;814.4;3
20.0;dfsioe;240.0;46.4;3
25.0;dfsioe;570.06;1753.29;3
30.0;dfsioe;3785.6;4856.0;3
35.0;dfsioe;6736.0;510.4;3
40.0;dfsioe;204.8;200.0;3
45.0;dfsioe;182.4;476.8;3
50.0;dfsioe;9174.4;19.2;3
55.0;dfsioe;11803.2;63504.0;3
60.0;dfsioe;6889.6;54462.4;3
65.0;dfsioe;4384.0;7371.2;3
70.0;dfsioe;2620.8;1032.0;3
75.0;dfsioe;7744.0;824.0;3
80.0;dfsioe;3422.4;24.0;3
85.0;dfsioe;1492.8;5139.2;3
90.0;dfsioe;40.0;76.8;3
95.0;dfsioe;30.4;9520.0;3
100.0;dfsioe;344.0;332.8;3
105.0;dfsioe;3964.8;396.8;3
110.0;dfsioe;171.2;35.2;3
115.0;dfsioe;48.0;484.8;3
120.0;dfsioe;721.6;5459.2;3
125.0;dfsioe;25.6;131.2;3
130.0;dfsioe;194.81;83.03;3
135.0;dfsioe;8785.6;11056.0;3
140.0;dfsioe;2136.0;9667.2;3
145.0;dfsioe;6888.0;7283.2;3
150.0;dfsioe;1867.2;188.8;3
155.0;dfsioe;14.4;11.2;3
160.0;dfsioe;152.0;11.2;3
165.0;dfsioe;175.65;22.36;3
170.0;dfsioe;1141.72;30.34;3
175.0;dfsioe;169.6;785.6;3
180.0;dfsioe;112.0;139.2;3
185.0;dfsioe;100.8;100.8;3
190.0;dfsioe;7249.6;28.8;3
195.0;dfsioe;291.2;67.2;3
200.0;dfsioe;102.4;25.6;3
205.0;dfsioe;2752.0;312.0;3
210.0;dfsioe;163.2;931.2;3
215.0;dfsioe;22.4;16.0;3
220.0;dfsioe;84.8;11.2;3
225.0;dfsioe;134.4;25.6;3
230.0;dfsioe;1038.4;22.4;3
235.0;dfsioe;201.6;152.0;3
240.0;dfsioe;739.2;337.6;3
245.0;dfsioe;307.2;110.4;3
250.0;dfsioe;2732.8;126.4;3
255.0;dfsioe;2129.6;667.2;3
260.0;dfsioe;371.2;17.6;3
265.0;dfsioe;1927.35;7972.85;3
270.0;dfsioe;1371.66;35.13;3
275.0;dfsioe;312.97;2998.8;3
280.0;dfsioe;1235.2;38.4;3
285.0;dfsioe;867.2;41.6;3
290.0;dfsioe;91.2;24.0;3
295.0;dfsioe;92.8;960.0;3
300.0;dfsioe;395.2;176.0;3
305.0;dfsioe;33.6;771.2;3
310.0;dfsioe;468.8;48.0;3
315.0;dfsioe;992.0;275.2;3
320.0;dfsioe;1096.0;5377.6;3
325.0;dfsioe;327.35;13719.76;3
330.0;dfsioe;10571.2;88.0;3
335.0;dfsioe;195.2;33.6;3
340.0;dfsioe;384.0;33.6;3
345.0;dfsioe;174.4;35.2;3
350.0;dfsioe;1249.6;16.0;3
355.0;dfsioe;147.2;972.8;3
360.0;dfsioe;76.8;11.2;3
365.0;dfsioe;2070.4;44.8;3
370.0;dfsioe;1475.2;43.2;3
375.0;dfsioe;257.6;60.8;3
380.0;dfsioe;222.4;16.0;3
385.0;dfsioe;2563.2;552.0;3
390.0;dfsioe;62.4;233.6;3
395.0;dfsioe;19.2;35.2;3
400.0;dfsioe;1545.6;40.0;3
405.0;dfsioe;2464.0;174.4;3
410.0;dfsioe;467.2;27.2;3
415.0;dfsioe;40.0;777.6;3
420.0;dfsioe;52.8;20.8;3
425.0;dfsioe;104.0;59.2;3
430.0;dfsioe;124.55;39.92;3
435.0;dfsioe;1232.0;675.2;3
440.0;dfsioe;1356.8;30.4;3
445.0;dfsioe;59.2;339.2;3
450.0;dfsioe;40.0;128.0;3
455.0;dfsioe;260.8;28.8;3
460.0;dfsioe;99.2;57.6;3
465.0;dfsioe;28.8;43.2;3
470.0;dfsioe;268.8;64.0;3
475.0;dfsioe;64.0;345.6;3
480.0;dfsioe;276.8;20.8;3
485.0;dfsioe;35.2;16.0;3
490.0;dfsioe;132.8;886.4;3
495.0;dfsioe;123.2;84.8;3
500.0;dfsioe;123.2;9198.4;3
505.0;dfsioe;1390.82;221.96;3
510.0;dfsioe;75.2;27.2;3
515.0;dfsioe;33.6;17.6;3
520.0;dfsioe;68.8;9.6;3
525.0;dfsioe;6.4;16.0;3
530.0;dfsioe;1993.6;32.0;3
535.0;dfsioe;400.8;838.32;3
540.0;dfsioe;4840.0;673.6;3
545.0;dfsioe;3494.4;44.8;3
550.0;dfsioe;1804.39;44.71;3
555.0;dfsioe;513.6;75.2;3
560.0;dfsioe;7016.0;38.4;3
565.0;dfsioe;7798.4;44187.2;3
570.0;dfsioe;7196.8;46174.4;3
575.0;dfsioe;12424.0;31801.6;3
580.0;dfsioe;6342.4;7032.0;3
585.0;dfsioe;5015.57;13341.32;3
590.0;dfsioe;667.2;12.8;3
595.0;dfsioe;3360.0;6193.6;3
600.0;dfsioe;2822.4;356.8;3
605.0;dfsioe;860.68;30.34;3
610.0;dfsioe;452.8;6566.4;3
615.0;dfsioe;13852.8;89.6;3
620.0;dfsioe;4784.0;40.0;3
625.0;dfsioe;2732.14;12677.05;3
630.0;dfsioe;9691.02;8060.68;3
635.0;dfsioe;1225.6;73.6;3
640.0;dfsioe;299.2;379.2;3
645.0;dfsioe;16.0;531.2;3
650.0;dfsioe;73.6;52.8;3
655.0;dfsioe;176.0;947.2;3
660.0;dfsioe;134.4;24.0;3
665.0;dfsioe;720.0;88.0;3
670.0;dfsioe;1441.6;300.8;3
675.0;dfsioe;1073.6;97.6;3
680.0;dfsioe;108.8;3145.6;3
685.0;dfsioe;377.6;649.6;3
690.0;dfsioe;342.4;24.0;3
695.0;dfsioe;33.6;28.8;3
700.0;dfsioe;169.6;276.8;3
705.0;dfsioe;218.76;49.5;3
710.0;dfsioe;65.6;27.2;3
715.0;dfsioe;123.2;908.8;3
720.0;dfsioe;225.6;12.8;3
725.0;dfsioe;30.4;9.6;3
730.0;dfsioe;169.6;22.4;3
735.0;dfsioe;120.0;260.8;3
740.0;dfsioe;624.0;28.8;3
745.0;dfsioe;246.4;337.6;3
750.0;dfsioe;142.4;217.6;3
755.0;dfsioe;41.6;94.4;3
760.0;dfsioe;297.6;20.8;3
765.0;dfsioe;12.8;769.6;3
770.0;dfsioe;1456.0;568.0;3
775.0;dfsioe;104.0;571.2;3
780.0;dfsioe;201.6;201.6;3
785.0;dfsioe;20.8;9.6;3
790.0;dfsioe;129.6;14.4;3
795.0;dfsioe;1417.6;374.4;3
800.0;dfsioe;212.8;25.6;3
805.0;dfsioe;1787.2;227.2;3
810.0;dfsioe;617.6;126.4;3
815.0;dfsioe;1.6;11.2;3
820.0;dfsioe;86.4;689.6;3
825.0;dfsioe;8.0;14.4;3
830.0;dfsioe;1328.0;172.8;3
835.0;dfsioe;153.6;46.4;3
840.0;dfsioe;857.6;49.6;3
845.0;dfsioe;443.2;28.8;3
850.0;dfsioe;2601.6;368.0;3
855.0;dfsioe;708.8;156.8;3
861.0;dfsioe;1272.0;10420.8;3
866.0;dfsioe;3897.8;46.31;3
871.0;dfsioe;238.4;46.4;3
876.0;dfsioe;1520.0;5595.2;3
881.0;dfsioe;476.8;27.2;3
886.0;dfsioe;331.2;14.4;3
891.0;dfsioe;326.4;193.6;3
0.0;dfsioe;4422.4;35.2;4
5.0;dfsioe;2187.2;38.4;4
10.0;dfsioe;406.4;219.2;4
15.0;dfsioe;172.8;814.4;4
20.0;dfsioe;240.0;46.4;4
25.0;dfsioe;570.06;1753.29;4
30.0;dfsioe;3785.6;4856.0;4
35.0;dfsioe;6736.0;510.4;4
40.0;dfsioe;204.8;200.0;4
45.0;dfsioe;182.4;476.8;4
50.0;dfsioe;9174.4;19.2;4
55.0;dfsioe;11803.2;63504.0;4
60.0;dfsioe;6889.6;54462.4;4
65.0;dfsioe;4384.0;7371.2;4
70.0;dfsioe;2620.8;1032.0;4
75.0;dfsioe;7744.0;824.0;4
80.0;dfsioe;3422.4;24.0;4
85.0;dfsioe;1492.8;5139.2;4
90.0;dfsioe;40.0;76.8;4
95.0;dfsioe;30.4;9520.0;4
100.0;dfsioe;344.0;332.8;4
105.0;dfsioe;3964.8;396.8;4
110.0;dfsioe;171.2;35.2;4
115.0;dfsioe;48.0;484.8;4
120.0;dfsioe;721.6;5459.2;4
125.0;dfsioe;25.6;131.2;4
130.0;dfsioe;194.81;83.03;4
135.0;dfsioe;8785.6;11056.0;4
140.0;dfsioe;2136.0;9667.2;4
145.0;dfsioe;6888.0;7283.2;4
150.0;dfsioe;1867.2;188.8;4
155.0;dfsioe;14.4;11.2;4
160.0;dfsioe;152.0;11.2;4
165.0;dfsioe;175.65;22.36;4
170.0;dfsioe;1141.72;30.34;4
175.0;dfsioe;169.6;785.6;4
180.0;dfsioe;112.0;139.2;4
185.0;dfsioe;100.8;100.8;4
190.0;dfsioe;7249.6;28.8;4
195.0;dfsioe;291.2;67.2;4
200.0;dfsioe;102.4;25.6;4
205.0;dfsioe;2752.0;312.0;4
210.0;dfsioe;163.2;931.2;4
215.0;dfsioe;22.4;16.0;4
220.0;dfsioe;84.8;11.2;4
225.0;dfsioe;134.4;25.6;4
230.0;dfsioe;1038.4;22.4;4
235.0;dfsioe;201.6;152.0;4
240.0;dfsioe;739.2;337.6;4
245.0;dfsioe;307.2;110.4;4
250.0;dfsioe;2732.8;126.4;4
255.0;dfsioe;2129.6;667.2;4
260.0;dfsioe;371.2;17.6;4
265.0;dfsioe;1927.35;7972.85;4
270.0;dfsioe;1371.66;35.13;4
275.0;dfsioe;312.97;2998.8;4
280.0;dfsioe;1235.2;38.4;4
285.0;dfsioe;867.2;41.6;4
290.0;dfsioe;91.2;24.0;4
295.0;dfsioe;92.8;960.0;4
300.0;dfsioe;395.2;176.0;4
305.0;dfsioe;33.6;771.2;4
310.0;dfsioe;468.8;48.0;4
315.0;dfsioe;992.0;275.2;4
320.0;dfsioe;1096.0;5377.6;4
325.0;dfsioe;327.35;13719.76;4
330.0;dfsioe;10571.2;88.0;4
335.0;dfsioe;195.2;33.6;4
340.0;dfsioe;384.0;33.6;4
345.0;dfsioe;174.4;35.2;4
350.0;dfsioe;1249.6;16.0;4
355.0;dfsioe;147.2;972.8;4
360.0;dfsioe;76.8;11.2;4
365.0;dfsioe;2070.4;44.8;4
370.0;dfsioe;1475.2;43.2;4
375.0;dfsioe;257.6;60.8;4
380.0;dfsioe;222.4;16.0;4
385.0;dfsioe;2563.2;552.0;4
390.0;dfsioe;62.4;233.6;4
395.0;dfsioe;19.2;35.2;4
400.0;dfsioe;1545.6;40.0;4
405.0;dfsioe;2464.0;174.4;4
410.0;dfsioe;467.2;27.2;4
415.0;dfsioe;40.0;777.6;4
420.0;dfsioe;52.8;20.8;4
425.0;dfsioe;104.0;59.2;4
430.0;dfsioe;124.55;39.92;4
435.0;dfsioe;1232.0;675.2;4
440.0;dfsioe;1356.8;30.4;4
445.0;dfsioe;59.2;339.2;4
450.0;dfsioe;40.0;128.0;4
455.0;dfsioe;260.8;28.8;4
460.0;dfsioe;99.2;57.6;4
465.0;dfsioe;28.8;43.2;4
470.0;dfsioe;268.8;64.0;4
475.0;dfsioe;64.0;345.6;4
480.0;dfsioe;276.8;20.8;4
485.0;dfsioe;35.2;16.0;4
490.0;dfsioe;132.8;886.4;4
495.0;dfsioe;123.2;84.8;4
500.0;dfsioe;123.2;9198.4;4
505.0;dfsioe;1390.82;221.96;4
510.0;dfsioe;75.2;27.2;4
515.0;dfsioe;33.6;17.6;4
520.0;dfsioe;68.8;9.6;4
525.0;dfsioe;6.4;16.0;4
530.0;dfsioe;1993.6;32.0;4
535.0;dfsioe;400.8;838.32;4
540.0;dfsioe;4840.0;673.6;4
545.0;dfsioe;3494.4;44.8;4
550.0;dfsioe;1804.39;44.71;4
555.0;dfsioe;513.6;75.2;4
560.0;dfsioe;7016.0;38.4;4
565.0;dfsioe;7798.4;44187.2;4
570.0;dfsioe;7196.8;46174.4;4
575.0;dfsioe;12424.0;31801.6;4
580.0;dfsioe;6342.4;7032.0;4
585.0;dfsioe;5015.57;13341.32;4
590.0;dfsioe;667.2;12.8;4
595.0;dfsioe;3360.0;6193.6;4
600.0;dfsioe;2822.4;356.8;4
605.0;dfsioe;860.68;30.34;4
610.0;dfsioe;452.8;6566.4;4
615.0;dfsioe;13852.8;89.6;4
620.0;dfsioe;4784.0;40.0;4
625.0;dfsioe;2732.14;12677.05;4
630.0;dfsioe;9691.02;8060.68;4
635.0;dfsioe;1225.6;73.6;4
640.0;dfsioe;299.2;379.2;4
645.0;dfsioe;16.0;531.2;4
650.0;dfsioe;73.6;52.8;4
655.0;dfsioe;176.0;947.2;4
660.0;dfsioe;134.4;24.0;4
665.0;dfsioe;720.0;88.0;4
670.0;dfsioe;1441.6;300.8;4
675.0;dfsioe;1073.6;97.6;4
680.0;dfsioe;108.8;3145.6;4
685.0;dfsioe;377.6;649.6;4
690.0;dfsioe;342.4;24.0;4
695.0;dfsioe;33.6;28.8;4
700.0;dfsioe;169.6;276.8;4
705.0;dfsioe;218.76;49.5;4
710.0;dfsioe;65.6;27.2;4
715.0;dfsioe;123.2;908.8;4
720.0;dfsioe;225.6;12.8;4
725.0;dfsioe;30.4;9.6;4
730.0;dfsioe;169.6;22.4;4
735.0;dfsioe;120.0;260.8;4
740.0;dfsioe;624.0;28.8;4
745.0;dfsioe;246.4;337.6;4
750.0;dfsioe;142.4;217.6;4
755.0;dfsioe;41.6;94.4;4
760.0;dfsioe;297.6;20.8;4
765.0;dfsioe;12.8;769.6;4
770.0;dfsioe;1456.0;568.0;4
775.0;dfsioe;104.0;571.2;4
780.0;dfsioe;201.6;201.6;4
785.0;dfsioe;20.8;9.6;4
790.0;dfsioe;129.6;14.4;4
795.0;dfsioe;1417.6;374.4;4
800.0;dfsioe;212.8;25.6;4
805.0;dfsioe;1787.2;227.2;4
810.0;dfsioe;617.6;126.4;4
815.0;dfsioe;1.6;11.2;4
820.0;dfsioe;86.4;689.6;4
825.0;dfsioe;8.0;14.4;4
830.0;dfsioe;1328.0;172.8;4
835.0;dfsioe;153.6;46.4;4
840.0;dfsioe;857.6;49.6;4
845.0;dfsioe;443.2;28.8;4
850.0;dfsioe;2601.6;368.0;4
855.0;dfsioe;708.8;156.8;4
861.0;dfsioe;1272.0;10420.8;4
866.0;dfsioe;3897.8;46.31;4
871.0;dfsioe;238.4;46.4;4
876.0;dfsioe;1520.0;5595.2;4
881.0;dfsioe;476.8;27.2;4
886.0;dfsioe;331.2;14.4;4
891.0;dfsioe;326.4;193.6;4
0.0;dfsioe;4422.4;35.2;5
5.0;dfsioe;2187.2;38.4;5
10.0;dfsioe;406.4;219.2;5
15.0;dfsioe;172.8;814.4;5
20.0;dfsioe;240.0;46.4;5
25.0;dfsioe;570.06;1753.29;5
30.0;dfsioe;3785.6;4856.0;5
35.0;dfsioe;6736.0;510.4;5
40.0;dfsioe;204.8;200.0;5
45.0;dfsioe;182.4;476.8;5
50.0;dfsioe;9174.4;19.2;5
55.0;dfsioe;11803.2;63504.0;5
60.0;dfsioe;6889.6;54462.4;5
65.0;dfsioe;4384.0;7371.2;5
70.0;dfsioe;2620.8;1032.0;5
75.0;dfsioe;7744.0;824.0;5
80.0;dfsioe;3422.4;24.0;5
85.0;dfsioe;1492.8;5139.2;5
90.0;dfsioe;40.0;76.8;5
95.0;dfsioe;30.4;9520.0;5
100.0;dfsioe;344.0;332.8;5
105.0;dfsioe;3964.8;396.8;5
110.0;dfsioe;171.2;35.2;5
115.0;dfsioe;48.0;484.8;5
120.0;dfsioe;721.6;5459.2;5
125.0;dfsioe;25.6;131.2;5
130.0;dfsioe;194.81;83.03;5
135.0;dfsioe;8785.6;11056.0;5
140.0;dfsioe;2136.0;9667.2;5
145.0;dfsioe;6888.0;7283.2;5
150.0;dfsioe;1867.2;188.8;5
155.0;dfsioe;14.4;11.2;5
160.0;dfsioe;152.0;11.2;5
165.0;dfsioe;175.65;22.36;5
170.0;dfsioe;1141.72;30.34;5
175.0;dfsioe;169.6;785.6;5
180.0;dfsioe;112.0;139.2;5
185.0;dfsioe;100.8;100.8;5
190.0;dfsioe;7249.6;28.8;5
195.0;dfsioe;291.2;67.2;5
200.0;dfsioe;102.4;25.6;5
205.0;dfsioe;2752.0;312.0;5
210.0;dfsioe;163.2;931.2;5
215.0;dfsioe;22.4;16.0;5
220.0;dfsioe;84.8;11.2;5
225.0;dfsioe;134.4;25.6;5
230.0;dfsioe;1038.4;22.4;5
235.0;dfsioe;201.6;152.0;5
240.0;dfsioe;739.2;337.6;5
245.0;dfsioe;307.2;110.4;5
250.0;dfsioe;2732.8;126.4;5
255.0;dfsioe;2129.6;667.2;5
260.0;dfsioe;371.2;17.6;5
265.0;dfsioe;1927.35;7972.85;5
270.0;dfsioe;1371.66;35.13;5
275.0;dfsioe;312.97;2998.8;5
280.0;dfsioe;1235.2;38.4;5
285.0;dfsioe;867.2;41.6;5
290.0;dfsioe;91.2;24.0;5
295.0;dfsioe;92.8;960.0;5
300.0;dfsioe;395.2;176.0;5
305.0;dfsioe;33.6;771.2;5
310.0;dfsioe;468.8;48.0;5
315.0;dfsioe;992.0;275.2;5
320.0;dfsioe;1096.0;5377.6;5
325.0;dfsioe;327.35;13719.76;5
330.0;dfsioe;10571.2;88.0;5
335.0;dfsioe;195.2;33.6;5
340.0;dfsioe;384.0;33.6;5
345.0;dfsioe;174.4;35.2;5
350.0;dfsioe;1249.6;16.0;5
355.0;dfsioe;147.2;972.8;5
360.0;dfsioe;76.8;11.2;5
365.0;dfsioe;2070.4;44.8;5
370.0;dfsioe;1475.2;43.2;5
375.0;dfsioe;257.6;60.8;5
380.0;dfsioe;222.4;16.0;5
385.0;dfsioe;2563.2;552.0;5
390.0;dfsioe;62.4;233.6;5
395.0;dfsioe;19.2;35.2;5
400.0;dfsioe;1545.6;40.0;5
405.0;dfsioe;2464.0;174.4;5
410.0;dfsioe;467.2;27.2;5
415.0;dfsioe;40.0;777.6;5
420.0;dfsioe;52.8;20.8;5
425.0;dfsioe;104.0;59.2;5
430.0;dfsioe;124.55;39.92;5
435.0;dfsioe;1232.0;675.2;5
440.0;dfsioe;1356.8;30.4;5
445.0;dfsioe;59.2;339.2;5
450.0;dfsioe;40.0;128.0;5
455.0;dfsioe;260.8;28.8;5
460.0;dfsioe;99.2;57.6;5
465.0;dfsioe;28.8;43.2;5
470.0;dfsioe;268.8;64.0;5
475.0;dfsioe;64.0;345.6;5
480.0;dfsioe;276.8;20.8;5
485.0;dfsioe;35.2;16.0;5
490.0;dfsioe;132.8;886.4;5
495.0;dfsioe;123.2;84.8;5
500.0;dfsioe;123.2;9198.4;5
505.0;dfsioe;1390.82;221.96;5
510.0;dfsioe;75.2;27.2;5
515.0;dfsioe;33.6;17.6;5
520.0;dfsioe;68.8;9.6;5
525.0;dfsioe;6.4;16.0;5
530.0;dfsioe;1993.6;32.0;5
535.0;dfsioe;400.8;838.32;5
540.0;dfsioe;4840.0;673.6;5
545.0;dfsioe;3494.4;44.8;5
550.0;dfsioe;1804.39;44.71;5
555.0;dfsioe;513.6;75.2;5
560.0;dfsioe;7016.0;38.4;5
565.0;dfsioe;7798.4;44187.2;5
570.0;dfsioe;7196.8;46174.4;5
575.0;dfsioe;12424.0;31801.6;5
580.0;dfsioe;6342.4;7032.0;5
585.0;dfsioe;5015.57;13341.32;5
590.0;dfsioe;667.2;12.8;5
595.0;dfsioe;3360.0;6193.6;5
600.0;dfsioe;2822.4;356.8;5
605.0;dfsioe;860.68;30.34;5
610.0;dfsioe;452.8;6566.4;5
615.0;dfsioe;13852.8;89.6;5
620.0;dfsioe;4784.0;40.0;5
625.0;dfsioe;2732.14;12677.05;5
630.0;dfsioe;9691.02;8060.68;5
635.0;dfsioe;1225.6;73.6;5
640.0;dfsioe;299.2;379.2;5
645.0;dfsioe;16.0;531.2;5
650.0;dfsioe;73.6;52.8;5
655.0;dfsioe;176.0;947.2;5
660.0;dfsioe;134.4;24.0;5
665.0;dfsioe;720.0;88.0;5
670.0;dfsioe;1441.6;300.8;5
675.0;dfsioe;1073.6;97.6;5
680.0;dfsioe;108.8;3145.6;5
685.0;dfsioe;377.6;649.6;5
690.0;dfsioe;342.4;24.0;5
695.0;dfsioe;33.6;28.8;5
700.0;dfsioe;169.6;276.8;5
705.0;dfsioe;218.76;49.5;5
710.0;dfsioe;65.6;27.2;5
715.0;dfsioe;123.2;908.8;5
720.0;dfsioe;225.6;12.8;5
725.0;dfsioe;30.4;9.6;5
730.0;dfsioe;169.6;22.4;5
735.0;dfsioe;120.0;260.8;5
740.0;dfsioe;624.0;28.8;5
745.0;dfsioe;246.4;337.6;5
750.0;dfsioe;142.4;217.6;5
755.0;dfsioe;41.6;94.4;5
760.0;dfsioe;297.6;20.8;5
765.0;dfsioe;12.8;769.6;5
770.0;dfsioe;1456.0;568.0;5
775.0;dfsioe;104.0;571.2;5
780.0;dfsioe;201.6;201.6;5
785.0;dfsioe;20.8;9.6;5
790.0;dfsioe;129.6;14.4;5
795.0;dfsioe;1417.6;374.4;5
800.0;dfsioe;212.8;25.6;5
805.0;dfsioe;1787.2;227.2;5
810.0;dfsioe;617.6;126.4;5
815.0;dfsioe;1.6;11.2;5
820.0;dfsioe;86.4;689.6;5
825.0;dfsioe;8.0;14.4;5
830.0;dfsioe;1328.0;172.8;5
835.0;dfsioe;153.6;46.4;5
840.0;dfsioe;857.6;49.6;5
845.0;dfsioe;443.2;28.8;5
850.0;dfsioe;2601.6;368.0;5
855.0;dfsioe;708.8;156.8;5
861.0;dfsioe;1272.0;10420.8;5
866.0;dfsioe;3897.8;46.31;5
871.0;dfsioe;238.4;46.4;5
876.0;dfsioe;1520.0;5595.2;5
881.0;dfsioe;476.8;27.2;5
886.0;dfsioe;331.2;14.4;5
891.0;dfsioe;326.4;193.6;5
0.0;dfsioe;4422.4;35.2;6
5.0;dfsioe;2187.2;38.4;6
10.0;dfsioe;406.4;219.2;6
15.0;dfsioe;172.8;814.4;6
20.0;dfsioe;240.0;46.4;6
25.0;dfsioe;570.06;1753.29;6
30.0;dfsioe;3785.6;4856.0;6
35.0;dfsioe;6736.0;510.4;6
40.0;dfsioe;204.8;200.0;6
45.0;dfsioe;182.4;476.8;6
50.0;dfsioe;9174.4;19.2;6
55.0;dfsioe;11803.2;63504.0;6
60.0;dfsioe;6889.6;54462.4;6
65.0;dfsioe;4384.0;7371.2;6
70.0;dfsioe;2620.8;1032.0;6
75.0;dfsioe;7744.0;824.0;6
80.0;dfsioe;3422.4;24.0;6
85.0;dfsioe;1492.8;5139.2;6
90.0;dfsioe;40.0;76.8;6
95.0;dfsioe;30.4;9520.0;6
100.0;dfsioe;344.0;332.8;6
105.0;dfsioe;3964.8;396.8;6
110.0;dfsioe;171.2;35.2;6
115.0;dfsioe;48.0;484.8;6
120.0;dfsioe;721.6;5459.2;6
125.0;dfsioe;25.6;131.2;6
130.0;dfsioe;194.81;83.03;6
135.0;dfsioe;8785.6;11056.0;6
140.0;dfsioe;2136.0;9667.2;6
145.0;dfsioe;6888.0;7283.2;6
150.0;dfsioe;1867.2;188.8;6
155.0;dfsioe;14.4;11.2;6
160.0;dfsioe;152.0;11.2;6
165.0;dfsioe;175.65;22.36;6
170.0;dfsioe;1141.72;30.34;6
175.0;dfsioe;169.6;785.6;6
180.0;dfsioe;112.0;139.2;6
185.0;dfsioe;100.8;100.8;6
190.0;dfsioe;7249.6;28.8;6
195.0;dfsioe;291.2;67.2;6
200.0;dfsioe;102.4;25.6;6
205.0;dfsioe;2752.0;312.0;6
210.0;dfsioe;163.2;931.2;6
215.0;dfsioe;22.4;16.0;6
220.0;dfsioe;84.8;11.2;6
225.0;dfsioe;134.4;25.6;6
230.0;dfsioe;1038.4;22.4;6
235.0;dfsioe;201.6;152.0;6
240.0;dfsioe;739.2;337.6;6
245.0;dfsioe;307.2;110.4;6
250.0;dfsioe;2732.8;126.4;6
255.0;dfsioe;2129.6;667.2;6
260.0;dfsioe;371.2;17.6;6
265.0;dfsioe;1927.35;7972.85;6
270.0;dfsioe;1371.66;35.13;6
275.0;dfsioe;312.97;2998.8;6
280.0;dfsioe;1235.2;38.4;6
285.0;dfsioe;867.2;41.6;6
290.0;dfsioe;91.2;24.0;6
295.0;dfsioe;92.8;960.0;6
300.0;dfsioe;395.2;176.0;6
305.0;dfsioe;33.6;771.2;6
310.0;dfsioe;468.8;48.0;6
315.0;dfsioe;992.0;275.2;6
320.0;dfsioe;1096.0;5377.6;6
325.0;dfsioe;327.35;13719.76;6
330.0;dfsioe;10571.2;88.0;6
335.0;dfsioe;195.2;33.6;6
340.0;dfsioe;384.0;33.6;6
345.0;dfsioe;174.4;35.2;6
350.0;dfsioe;1249.6;16.0;6
355.0;dfsioe;147.2;972.8;6
360.0;dfsioe;76.8;11.2;6
365.0;dfsioe;2070.4;44.8;6
370.0;dfsioe;1475.2;43.2;6
375.0;dfsioe;257.6;60.8;6
380.0;dfsioe;222.4;16.0;6
385.0;dfsioe;2563.2;552.0;6
390.0;dfsioe;62.4;233.6;6
395.0;dfsioe;19.2;35.2;6
400.0;dfsioe;1545.6;40.0;6
405.0;dfsioe;2464.0;174.4;6
410.0;dfsioe;467.2;27.2;6
415.0;dfsioe;40.0;777.6;6
420.0;dfsioe;52.8;20.8;6
425.0;dfsioe;104.0;59.2;6
430.0;dfsioe;124.55;39.92;6
435.0;dfsioe;1232.0;675.2;6
440.0;dfsioe;1356.8;30.4;6
445.0;dfsioe;59.2;339.2;6
450.0;dfsioe;40.0;128.0;6
455.0;dfsioe;260.8;28.8;6
460.0;dfsioe;99.2;57.6;6
465.0;dfsioe;28.8;43.2;6
470.0;dfsioe;268.8;64.0;6
475.0;dfsioe;64.0;345.6;6
480.0;dfsioe;276.8;20.8;6
485.0;dfsioe;35.2;16.0;6
490.0;dfsioe;132.8;886.4;6
495.0;dfsioe;123.2;84.8;6
500.0;dfsioe;123.2;9198.4;6
505.0;dfsioe;1390.82;221.96;6
510.0;dfsioe;75.2;27.2;6
515.0;dfsioe;33.6;17.6;6
520.0;dfsioe;68.8;9.6;6
525.0;dfsioe;6.4;16.0;6
530.0;dfsioe;1993.6;32.0;6
535.0;dfsioe;400.8;838.32;6
540.0;dfsioe;4840.0;673.6;6
545.0;dfsioe;3494.4;44.8;6
550.0;dfsioe;1804.39;44.71;6
555.0;dfsioe;513.6;75.2;6
560.0;dfsioe;7016.0;38.4;6
565.0;dfsioe;7798.4;44187.2;6
570.0;dfsioe;7196.8;46174.4;6
575.0;dfsioe;12424.0;31801.6;6
580.0;dfsioe;6342.4;7032.0;6
585.0;dfsioe;5015.57;13341.32;6
590.0;dfsioe;667.2;12.8;6
595.0;dfsioe;3360.0;6193.6;6
600.0;dfsioe;2822.4;356.8;6
605.0;dfsioe;860.68;30.34;6
610.0;dfsioe;452.8;6566.4;6
615.0;dfsioe;13852.8;89.6;6
620.0;dfsioe;4784.0;40.0;6
625.0;dfsioe;2732.14;12677.05;6
630.0;dfsioe;9691.02;8060.68;6
635.0;dfsioe;1225.6;73.6;6
640.0;dfsioe;299.2;379.2;6
645.0;dfsioe;16.0;531.2;6
650.0;dfsioe;73.6;52.8;6
655.0;dfsioe;176.0;947.2;6
660.0;dfsioe;134.4;24.0;6
665.0;dfsioe;720.0;88.0;6
670.0;dfsioe;1441.6;300.8;6
675.0;dfsioe;1073.6;97.6;6
680.0;dfsioe;108.8;3145.6;6
685.0;dfsioe;377.6;649.6;6
690.0;dfsioe;342.4;24.0;6
695.0;dfsioe;33.6;28.8;6
700.0;dfsioe;169.6;276.8;6
705.0;dfsioe;218.76;49.5;6
710.0;dfsioe;65.6;27.2;6
715.0;dfsioe;123.2;908.8;6
720.0;dfsioe;225.6;12.8;6
725.0;dfsioe;30.4;9.6;6
730.0;dfsioe;169.6;22.4;6
735.0;dfsioe;120.0;260.8;6
740.0;dfsioe;624.0;28.8;6
745.0;dfsioe;246.4;337.6;6
750.0;dfsioe;142.4;217.6;6
755.0;dfsioe;41.6;94.4;6
760.0;dfsioe;297.6;20.8;6
765.0;dfsioe;12.8;769.6;6
770.0;dfsioe;1456.0;568.0;6
775.0;dfsioe;104.0;571.2;6
780.0;dfsioe;201.6;201.6;6
785.0;dfsioe;20.8;9.6;6
790.0;dfsioe;129.6;14.4;6
795.0;dfsioe;1417.6;374.4;6
800.0;dfsioe;212.8;25.6;6
805.0;dfsioe;1787.2;227.2;6
810.0;dfsioe;617.6;126.4;6
815.0;dfsioe;1.6;11.2;6
820.0;dfsioe;86.4;689.6;6
825.0;dfsioe;8.0;14.4;6
830.0;dfsioe;1328.0;172.8;6
835.0;dfsioe;153.6;46.4;6
840.0;dfsioe;857.6;49.6;6
845.0;dfsioe;443.2;28.8;6
850.0;dfsioe;2601.6;368.0;6
855.0;dfsioe;708.8;156.8;6
861.0;dfsioe;1272.0;10420.8;6
866.0;dfsioe;3897.8;46.31;6
871.0;dfsioe;238.4;46.4;6
876.0;dfsioe;1520.0;5595.2;6
881.0;dfsioe;476.8;27.2;6
886.0;dfsioe;331.2;14.4;6
891.0;dfsioe;326.4;193.6;6
0.0;dfsioe;4422.4;35.2;7
5.0;dfsioe;2187.2;38.4;7
10.0;dfsioe;406.4;219.2;7
15.0;dfsioe;172.8;814.4;7
20.0;dfsioe;240.0;46.4;7
25.0;dfsioe;570.06;1753.29;7
30.0;dfsioe;3785.6;4856.0;7
35.0;dfsioe;6736.0;510.4;7
40.0;dfsioe;204.8;200.0;7
45.0;dfsioe;182.4;476.8;7
50.0;dfsioe;9174.4;19.2;7
55.0;dfsioe;11803.2;63504.0;7
60.0;dfsioe;6889.6;54462.4;7
65.0;dfsioe;4384.0;7371.2;7
70.0;dfsioe;2620.8;1032.0;7
75.0;dfsioe;7744.0;824.0;7
80.0;dfsioe;3422.4;24.0;7
85.0;dfsioe;1492.8;5139.2;7
90.0;dfsioe;40.0;76.8;7
95.0;dfsioe;30.4;9520.0;7
100.0;dfsioe;344.0;332.8;7
105.0;dfsioe;3964.8;396.8;7
110.0;dfsioe;171.2;35.2;7
115.0;dfsioe;48.0;484.8;7
120.0;dfsioe;721.6;5459.2;7
125.0;dfsioe;25.6;131.2;7
130.0;dfsioe;194.81;83.03;7
135.0;dfsioe;8785.6;11056.0;7
140.0;dfsioe;2136.0;9667.2;7
145.0;dfsioe;6888.0;7283.2;7
150.0;dfsioe;1867.2;188.8;7
155.0;dfsioe;14.4;11.2;7
160.0;dfsioe;152.0;11.2;7
165.0;dfsioe;175.65;22.36;7
170.0;dfsioe;1141.72;30.34;7
175.0;dfsioe;169.6;785.6;7
180.0;dfsioe;112.0;139.2;7
185.0;dfsioe;100.8;100.8;7
190.0;dfsioe;7249.6;28.8;7
195.0;dfsioe;291.2;67.2;7
200.0;dfsioe;102.4;25.6;7
205.0;dfsioe;2752.0;312.0;7
210.0;dfsioe;163.2;931.2;7
215.0;dfsioe;22.4;16.0;7
220.0;dfsioe;84.8;11.2;7
225.0;dfsioe;134.4;25.6;7
230.0;dfsioe;1038.4;22.4;7
235.0;dfsioe;201.6;152.0;7
240.0;dfsioe;739.2;337.6;7
245.0;dfsioe;307.2;110.4;7
250.0;dfsioe;2732.8;126.4;7
255.0;dfsioe;2129.6;667.2;7
260.0;dfsioe;371.2;17.6;7
265.0;dfsioe;1927.35;7972.85;7
270.0;dfsioe;1371.66;35.13;7
275.0;dfsioe;312.97;2998.8;7
280.0;dfsioe;1235.2;38.4;7
285.0;dfsioe;867.2;41.6;7
290.0;dfsioe;91.2;24.0;7
295.0;dfsioe;92.8;960.0;7
300.0;dfsioe;395.2;176.0;7
305.0;dfsioe;33.6;771.2;7
310.0;dfsioe;468.8;48.0;7
315.0;dfsioe;992.0;275.2;7
320.0;dfsioe;1096.0;5377.6;7
325.0;dfsioe;327.35;13719.76;7
330.0;dfsioe;10571.2;88.0;7
335.0;dfsioe;195.2;33.6;7
340.0;dfsioe;384.0;33.6;7
345.0;dfsioe;174.4;35.2;7
350.0;dfsioe;1249.6;16.0;7
355.0;dfsioe;147.2;972.8;7
360.0;dfsioe;76.8;11.2;7
365.0;dfsioe;2070.4;44.8;7
370.0;dfsioe;1475.2;43.2;7
375.0;dfsioe;257.6;60.8;7
380.0;dfsioe;222.4;16.0;7
385.0;dfsioe;2563.2;552.0;7
390.0;dfsioe;62.4;233.6;7
395.0;dfsioe;19.2;35.2;7
400.0;dfsioe;1545.6;40.0;7
405.0;dfsioe;2464.0;174.4;7
410.0;dfsioe;467.2;27.2;7
415.0;dfsioe;40.0;777.6;7
420.0;dfsioe;52.8;20.8;7
425.0;dfsioe;104.0;59.2;7
430.0;dfsioe;124.55;39.92;7
435.0;dfsioe;1232.0;675.2;7
440.0;dfsioe;1356.8;30.4;7
445.0;dfsioe;59.2;339.2;7
450.0;dfsioe;40.0;128.0;7
455.0;dfsioe;260.8;28.8;7
460.0;dfsioe;99.2;57.6;7
465.0;dfsioe;28.8;43.2;7
470.0;dfsioe;268.8;64.0;7
475.0;dfsioe;64.0;345.6;7
480.0;dfsioe;276.8;20.8;7
485.0;dfsioe;35.2;16.0;7
490.0;dfsioe;132.8;886.4;7
495.0;dfsioe;123.2;84.8;7
500.0;dfsioe;123.2;9198.4;7
505.0;dfsioe;1390.82;221.96;7
510.0;dfsioe;75.2;27.2;7
515.0;dfsioe;33.6;17.6;7
520.0;dfsioe;68.8;9.6;7
525.0;dfsioe;6.4;16.0;7
530.0;dfsioe;1993.6;32.0;7
535.0;dfsioe;400.8;838.32;7
540.0;dfsioe;4840.0;673.6;7
545.0;dfsioe;3494.4;44.8;7
550.0;dfsioe;1804.39;44.71;7
555.0;dfsioe;513.6;75.2;7
560.0;dfsioe;7016.0;38.4;7
565.0;dfsioe;7798.4;44187.2;7
570.0;dfsioe;7196.8;46174.4;7
575.0;dfsioe;12424.0;31801.6;7
580.0;dfsioe;6342.4;7032.0;7
585.0;dfsioe;5015.57;13341.32;7
590.0;dfsioe;667.2;12.8;7
595.0;dfsioe;3360.0;6193.6;7
600.0;dfsioe;2822.4;356.8;7
605.0;dfsioe;860.68;30.34;7
610.0;dfsioe;452.8;6566.4;7
615.0;dfsioe;13852.8;89.6;7
620.0;dfsioe;4784.0;40.0;7
625.0;dfsioe;2732.14;12677.05;7
630.0;dfsioe;9691.02;8060.68;7
635.0;dfsioe;1225.6;73.6;7
640.0;dfsioe;299.2;379.2;7
645.0;dfsioe;16.0;531.2;7
650.0;dfsioe;73.6;52.8;7
655.0;dfsioe;176.0;947.2;7
660.0;dfsioe;134.4;24.0;7
665.0;dfsioe;720.0;88.0;7
670.0;dfsioe;1441.6;300.8;7
675.0;dfsioe;1073.6;97.6;7
680.0;dfsioe;108.8;3145.6;7
685.0;dfsioe;377.6;649.6;7
690.0;dfsioe;342.4;24.0;7
695.0;dfsioe;33.6;28.8;7
700.0;dfsioe;169.6;276.8;7
705.0;dfsioe;218.76;49.5;7
710.0;dfsioe;65.6;27.2;7
715.0;dfsioe;123.2;908.8;7
720.0;dfsioe;225.6;12.8;7
725.0;dfsioe;30.4;9.6;7
730.0;dfsioe;169.6;22.4;7
735.0;dfsioe;120.0;260.8;7
740.0;dfsioe;624.0;28.8;7
745.0;dfsioe;246.4;337.6;7
750.0;dfsioe;142.4;217.6;7
755.0;dfsioe;41.6;94.4;7
760.0;dfsioe;297.6;20.8;7
765.0;dfsioe;12.8;769.6;7
770.0;dfsioe;1456.0;568.0;7
775.0;dfsioe;104.0;571.2;7
780.0;dfsioe;201.6;201.6;7
785.0;dfsioe;20.8;9.6;7
790.0;dfsioe;129.6;14.4;7
795.0;dfsioe;1417.6;374.4;7
800.0;dfsioe;212.8;25.6;7
805.0;dfsioe;1787.2;227.2;7
810.0;dfsioe;617.6;126.4;7
815.0;dfsioe;1.6;11.2;7
820.0;dfsioe;86.4;689.6;7
825.0;dfsioe;8.0;14.4;7
830.0;dfsioe;1328.0;172.8;7
835.0;dfsioe;153.6;46.4;7
840.0;dfsioe;857.6;49.6;7
845.0;dfsioe;443.2;28.8;7
850.0;dfsioe;2601.6;368.0;7
855.0;dfsioe;708.8;156.8;7
861.0;dfsioe;1272.0;10420.8;7
866.0;dfsioe;3897.8;46.31;7
871.0;dfsioe;238.4;46.4;7
876.0;dfsioe;1520.0;5595.2;7
881.0;dfsioe;476.8;27.2;7
886.0;dfsioe;331.2;14.4;7
891.0;dfsioe;326.4;193.6;7
0.0;pagerank;2865.6;241.6;0
5.0;pagerank;54.4;4948.8;0
10.0;pagerank;107.2;32.0;0
15.0;pagerank;4569.6;144.0;0
20.0;pagerank;4.8;46.4;0
25.0;pagerank;129.08;49.4;0
30.0;pagerank;846.4;507.2;0
35.0;pagerank;392.0;4798.4;0
40.0;pagerank;108.8;660.8;0
45.0;pagerank;1662.4;462.4;0
50.0;pagerank;1030.4;28.8;0
55.0;pagerank;284.8;246.4;0
60.0;pagerank;278.4;44.8;0
65.0;pagerank;986.83;427.94;0
70.0;pagerank;570.74;559.52;0
75.0;pagerank;27.2;172.8;0
80.0;pagerank;16.0;456.0;0
85.0;pagerank;14.4;56.0;0
90.0;pagerank;171.2;81.6;0
95.0;pagerank;307.2;176.0;0
100.0;pagerank;441.6;174.4;0
105.0;pagerank;72.0;81.6;0
110.0;pagerank;84.8;44.8;0
115.0;pagerank;488.0;728.0;0
120.0;pagerank;145.6;35.2;0
125.0;pagerank;134.4;443.2;0
130.0;pagerank;78.4;46.4;0
135.0;pagerank;163.2;49.6;0
140.0;pagerank;326.4;19.2;0
145.0;pagerank;646.4;1126.4;0
150.0;pagerank;572.8;32.0;0
155.0;pagerank;160.0;200.0;0
160.0;pagerank;75.2;584.0;0
165.0;pagerank;52.8;17.6;0
170.0;pagerank;81.6;11.2;0
175.0;pagerank;355.2;777.6;0
180.0;pagerank;44.8;27.2;0
185.0;pagerank;148.5;62.28;0
190.0;pagerank;4497.6;464.0;0
195.0;pagerank;244.8;91.2;0
200.0;pagerank;28.8;148.8;0
205.0;pagerank;20.8;150.4;0
210.0;pagerank;25.6;107.2;0
215.0;pagerank;110.4;27.2;0
220.0;pagerank;41.6;510.4;0
225.0;pagerank;75.2;265.6;0
230.0;pagerank;291.2;491.2;0
235.0;pagerank;76.8;195.2;0
240.0;pagerank;19.2;40.0;0
245.0;pagerank;132.8;110.4;0
250.0;pagerank;1.6;145.6;0
255.0;pagerank;2305.6;219.2;0
260.0;pagerank;27.2;27.2;0
265.0;pagerank;27.2;600.0;0
270.0;pagerank;17.6;25.6;0
275.0;pagerank;102.4;9.6;0
280.0;pagerank;11.2;633.6;0
285.0;pagerank;23.95;43.11;0
290.0;pagerank;55.89;150.1;0
295.0;pagerank;97.6;142.4;0
300.0;pagerank;2939.2;144.0;0
305.0;pagerank;318.4;441.6;0
310.0;pagerank;94.4;193.6;0
315.0;pagerank;33.6;484.8;0
320.0;pagerank;17.6;44.8;0
325.0;pagerank;19.2;25.6;0
330.0;pagerank;584.0;278.4;0
335.0;pagerank;16.0;100.8;0
340.0;pagerank;112.0;17.6;0
345.0;pagerank;56.0;150.4;0
350.0;pagerank;1054.4;163.2;0
355.0;pagerank;331.2;321.6;0
360.0;pagerank;1083.2;139.2;0
365.0;pagerank;94.4;235.2;0
370.0;pagerank;483.2;56.0;0
375.0;pagerank;1.6;27.2;0
380.0;pagerank;8.0;515.2;0
385.0;pagerank;328.0;235.2;0
390.0;pagerank;19.2;148.8;0
395.0;pagerank;6.4;60.8;0
400.0;pagerank;164.8;582.4;0
405.0;pagerank;120.0;36.8;0
411.0;pagerank;79.84;43.11;0
416.0;pagerank;193.6;251.2;0
421.0;pagerank;99.2;4550.4;0
426.0;pagerank;1056.0;14254.4;0
431.0;pagerank;1080.0;228.8;0
436.0;pagerank;32.0;56.0;0
441.0;pagerank;48.0;22.4;0
446.0;pagerank;501.4;31.94;0
451.0;pagerank;12.8;30.4;0
456.0;pagerank;139.2;230.4;0
461.0;pagerank;81.6;424.0;0
466.0;pagerank;81.6;27.2;0
471.0;pagerank;116.8;435.2;0
476.0;pagerank;185.6;49.6;0
481.0;pagerank;75.2;32.0;0
486.0;pagerank;57.6;193.6;0
491.0;pagerank;102.4;262.4;0
496.0;pagerank;1265.6;934.4;0
501.0;pagerank;80.0;32.0;0
506.0;pagerank;172.8;190.4;0
511.0;pagerank;33.6;25.6;0
516.0;pagerank;17.6;48.0;0
521.0;pagerank;80.0;689.6;0
526.0;pagerank;1411.2;867.2;0
531.0;pagerank;1176.0;134.4;0
536.0;pagerank;784.0;38.4;0
541.0;pagerank;67.2;14.4;0
546.0;pagerank;62.4;36.8;0
551.0;pagerank;49.6;172.8;0
556.0;pagerank;108.8;193.6;0
561.0;pagerank;62.4;646.4;0
566.0;pagerank;136.0;80.0;0
571.0;pagerank;22.4;12.8;0
576.0;pagerank;56.0;30.4;0
581.0;pagerank;51.2;148.8;0
586.0;pagerank;97.6;145.6;0
591.0;pagerank;56.0;62.4;0
596.0;pagerank;166.4;292.8;0
601.0;pagerank;46.4;88.0;0
606.0;pagerank;172.8;28.8;0
611.0;pagerank;27.2;592.0;0
616.0;pagerank;187.2;196.8;0
621.0;pagerank;1579.2;150.4;0
626.0;pagerank;339.2;54.4;0
631.0;pagerank;30.4;76.8;0
636.0;pagerank;441.6;73.6;0
641.0;pagerank;62.4;713.6;0
646.0;pagerank;95.81;33.53;0
651.0;pagerank;179.2;41.6;0
656.0;pagerank;142.4;608.0;0
661.0;pagerank;32.0;16.0;0
666.0;pagerank;89.6;124.8;0
671.0;pagerank;1488.0;302.4;0
676.0;pagerank;67.2;158.4;0
681.0;pagerank;128.0;262.4;0
686.0;pagerank;25.6;40.0;0
691.0;pagerank;52.8;17.6;0
696.0;pagerank;28.8;96.0;0
701.0;pagerank;67.2;145.6;0
706.0;pagerank;619.2;115.2;0
711.0;pagerank;234.73;178.84;0
716.0;pagerank;462.4;64.0;0
721.0;pagerank;44.8;427.2;0
726.0;pagerank;24.0;25.6;0
731.0;pagerank;68.8;1318.4;0
736.0;pagerank;78.4;198.4;0
741.0;pagerank;160.0;265.6;0
746.0;pagerank;3902.4;604.8;0
751.0;pagerank;56.0;436.8;0
756.0;pagerank;38.4;22.4;0
761.0;pagerank;148.8;651.2;0
766.0;pagerank;46.4;136.0;0
771.0;pagerank;172.8;36.8;0
776.0;pagerank;124.8;547.2;0
781.0;pagerank;24.0;1774.4;0
786.0;pagerank;1813.97;9901.8;0
791.0;pagerank;3487.43;3220.76;0
796.0;pagerank;5734.4;102.4;0
801.0;pagerank;201.6;19.2;0
806.0;pagerank;588.8;36.8;0
811.0;pagerank;32.0;27.2;0
816.0;pagerank;60.8;164.8;0
821.0;pagerank;395.2;734.4;0
826.0;pagerank;683.2;220.8;0
831.0;pagerank;441.6;120.0;0
836.0;pagerank;4316.8;51.2;0
841.0;pagerank;20.8;28.8;0
846.0;pagerank;174.4;156.8;0
851.0;pagerank;16.0;520.0;0
856.0;pagerank;4.8;505.6;0
861.0;pagerank;20.8;108.8;0
866.0;pagerank;134.4;30.4;0
871.0;pagerank;14.4;27.2;0
876.0;pagerank;3.2;145.6;0
881.0;pagerank;1230.4;638.4;0
886.0;pagerank;33.6;14.4;0
891.0;pagerank;8.0;75.2;0
896.0;pagerank;584.0;51.2;0
901.0;pagerank;278.4;32.0;0
906.0;pagerank;115.2;444.8;0
911.0;pagerank;76.8;313.6;0
916.0;pagerank;1014.4;300.8;0
921.0;pagerank;25.6;32.0;0
926.0;pagerank;176.0;88.0;0
931.0;pagerank;30.4;25.6;0
936.0;pagerank;6.4;30.4;0
941.0;pagerank;17.6;283.2;0
946.0;pagerank;100.8;28.8;0
951.0;pagerank;36.8;19.2;0
956.0;pagerank;200.0;347.2;0
961.0;pagerank;33.6;104.0;0
966.0;pagerank;273.6;25.6;0
971.0;pagerank;371.2;331.2;0
976.0;pagerank;75.2;579.2;0
981.0;pagerank;22.4;20.8;0
986.0;pagerank;289.6;115.2;0
0.0;pagerank;2865.6;241.6;1
5.0;pagerank;54.4;4948.8;1
10.0;pagerank;107.2;32.0;1
15.0;pagerank;4569.6;144.0;1
20.0;pagerank;4.8;46.4;1
25.0;pagerank;129.08;49.4;1
30.0;pagerank;846.4;507.2;1
35.0;pagerank;392.0;4798.4;1
40.0;pagerank;108.8;660.8;1
45.0;pagerank;1662.4;462.4;1
50.0;pagerank;1030.4;28.8;1
55.0;pagerank;284.8;246.4;1
60.0;pagerank;278.4;44.8;1
65.0;pagerank;986.83;427.94;1
70.0;pagerank;570.74;559.52;1
75.0;pagerank;27.2;172.8;1
80.0;pagerank;16.0;456.0;1
85.0;pagerank;14.4;56.0;1
90.0;pagerank;171.2;81.6;1
95.0;pagerank;307.2;176.0;1
100.0;pagerank;441.6;174.4;1
105.0;pagerank;72.0;81.6;1
110.0;pagerank;84.8;44.8;1
115.0;pagerank;488.0;728.0;1
120.0;pagerank;145.6;35.2;1
125.0;pagerank;134.4;443.2;1
130.0;pagerank;78.4;46.4;1
135.0;pagerank;163.2;49.6;1
140.0;pagerank;326.4;19.2;1
145.0;pagerank;646.4;1126.4;1
150.0;pagerank;572.8;32.0;1
155.0;pagerank;160.0;200.0;1
160.0;pagerank;75.2;584.0;1
165.0;pagerank;52.8;17.6;1
170.0;pagerank;81.6;11.2;1
175.0;pagerank;355.2;777.6;1
180.0;pagerank;44.8;27.2;1
185.0;pagerank;148.5;62.28;1
190.0;pagerank;4497.6;464.0;1
195.0;pagerank;244.8;91.2;1
200.0;pagerank;28.8;148.8;1
205.0;pagerank;20.8;150.4;1
210.0;pagerank;25.6;107.2;1
215.0;pagerank;110.4;27.2;1
220.0;pagerank;41.6;510.4;1
225.0;pagerank;75.2;265.6;1
230.0;pagerank;291.2;491.2;1
235.0;pagerank;76.8;195.2;1
240.0;pagerank;19.2;40.0;1
245.0;pagerank;132.8;110.4;1
250.0;pagerank;1.6;145.6;1
255.0;pagerank;2305.6;219.2;1
260.0;pagerank;27.2;27.2;1
265.0;pagerank;27.2;600.0;1
270.0;pagerank;17.6;25.6;1
275.0;pagerank;102.4;9.6;1
280.0;pagerank;11.2;633.6;1
285.0;pagerank;23.95;43.11;1
290.0;pagerank;55.89;150.1;1
295.0;pagerank;97.6;142.4;1
300.0;pagerank;2939.2;144.0;1
305.0;pagerank;318.4;441.6;1
310.0;pagerank;94.4;193.6;1
315.0;pagerank;33.6;484.8;1
320.0;pagerank;17.6;44.8;1
325.0;pagerank;19.2;25.6;1
330.0;pagerank;584.0;278.4;1
335.0;pagerank;16.0;100.8;1
340.0;pagerank;112.0;17.6;1
345.0;pagerank;56.0;150.4;1
350.0;pagerank;1054.4;163.2;1
355.0;pagerank;331.2;321.6;1
360.0;pagerank;1083.2;139.2;1
365.0;pagerank;94.4;235.2;1
370.0;pagerank;483.2;56.0;1
375.0;pagerank;1.6;27.2;1
380.0;pagerank;8.0;515.2;1
385.0;pagerank;328.0;235.2;1
390.0;pagerank;19.2;148.8;1
395.0;pagerank;6.4;60.8;1
400.0;pagerank;164.8;582.4;1
405.0;pagerank;120.0;36.8;1
411.0;pagerank;79.84;43.11;1
416.0;pagerank;193.6;251.2;1
421.0;pagerank;99.2;4550.4;1
426.0;pagerank;1056.0;14254.4;1
431.0;pagerank;1080.0;228.8;1
436.0;pagerank;32.0;56.0;1
441.0;pagerank;48.0;22.4;1
446.0;pagerank;501.4;31.94;1
451.0;pagerank;12.8;30.4;1
456.0;pagerank;139.2;230.4;1
461.0;pagerank;81.6;424.0;1
466.0;pagerank;81.6;27.2;1
471.0;pagerank;116.8;435.2;1
476.0;pagerank;185.6;49.6;1
481.0;pagerank;75.2;32.0;1
486.0;pagerank;57.6;193.6;1
491.0;pagerank;102.4;262.4;1
496.0;pagerank;1265.6;934.4;1
501.0;pagerank;80.0;32.0;1
506.0;pagerank;172.8;190.4;1
511.0;pagerank;33.6;25.6;1
516.0;pagerank;17.6;48.0;1
521.0;pagerank;80.0;689.6;1
526.0;pagerank;1411.2;867.2;1
531.0;pagerank;1176.0;134.4;1
536.0;pagerank;784.0;38.4;1
541.0;pagerank;67.2;14.4;1
546.0;pagerank;62.4;36.8;1
551.0;pagerank;49.6;172.8;1
556.0;pagerank;108.8;193.6;1
561.0;pagerank;62.4;646.4;1
566.0;pagerank;136.0;80.0;1
571.0;pagerank;22.4;12.8;1
576.0;pagerank;56.0;30.4;1
581.0;pagerank;51.2;148.8;1
586.0;pagerank;97.6;145.6;1
591.0;pagerank;56.0;62.4;1
596.0;pagerank;166.4;292.8;1
601.0;pagerank;46.4;88.0;1
606.0;pagerank;172.8;28.8;1
611.0;pagerank;27.2;592.0;1
616.0;pagerank;187.2;196.8;1
621.0;pagerank;1579.2;150.4;1
626.0;pagerank;339.2;54.4;1
631.0;pagerank;30.4;76.8;1
636.0;pagerank;441.6;73.6;1
641.0;pagerank;62.4;713.6;1
646.0;pagerank;95.81;33.53;1
651.0;pagerank;179.2;41.6;1
656.0;pagerank;142.4;608.0;1
661.0;pagerank;32.0;16.0;1
666.0;pagerank;89.6;124.8;1
671.0;pagerank;1488.0;302.4;1
676.0;pagerank;67.2;158.4;1
681.0;pagerank;128.0;262.4;1
686.0;pagerank;25.6;40.0;1
691.0;pagerank;52.8;17.6;1
696.0;pagerank;28.8;96.0;1
701.0;pagerank;67.2;145.6;1
706.0;pagerank;619.2;115.2;1
711.0;pagerank;234.73;178.84;1
716.0;pagerank;462.4;64.0;1
721.0;pagerank;44.8;427.2;1
726.0;pagerank;24.0;25.6;1
731.0;pagerank;68.8;1318.4;1
736.0;pagerank;78.4;198.4;1
741.0;pagerank;160.0;265.6;1
746.0;pagerank;3902.4;604.8;1
751.0;pagerank;56.0;436.8;1
756.0;pagerank;38.4;22.4;1
761.0;pagerank;148.8;651.2;1
766.0;pagerank;46.4;136.0;1
771.0;pagerank;172.8;36.8;1
776.0;pagerank;124.8;547.2;1
781.0;pagerank;24.0;1774.4;1
786.0;pagerank;1813.97;9901.8;1
791.0;pagerank;3487.43;3220.76;1
796.0;pagerank;5734.4;102.4;1
801.0;pagerank;201.6;19.2;1
806.0;pagerank;588.8;36.8;1
811.0;pagerank;32.0;27.2;1
816.0;pagerank;60.8;164.8;1
821.0;pagerank;395.2;734.4;1
826.0;pagerank;683.2;220.8;1
831.0;pagerank;441.6;120.0;1
836.0;pagerank;4316.8;51.2;1
841.0;pagerank;20.8;28.8;1
846.0;pagerank;174.4;156.8;1
851.0;pagerank;16.0;520.0;1
856.0;pagerank;4.8;505.6;1
861.0;pagerank;20.8;108.8;1
866.0;pagerank;134.4;30.4;1
871.0;pagerank;14.4;27.2;1
876.0;pagerank;3.2;145.6;1
881.0;pagerank;1230.4;638.4;1
886.0;pagerank;33.6;14.4;1
891.0;pagerank;8.0;75.2;1
896.0;pagerank;584.0;51.2;1
901.0;pagerank;278.4;32.0;1
906.0;pagerank;115.2;444.8;1
911.0;pagerank;76.8;313.6;1
916.0;pagerank;1014.4;300.8;1
921.0;pagerank;25.6;32.0;1
926.0;pagerank;176.0;88.0;1
931.0;pagerank;30.4;25.6;1
936.0;pagerank;6.4;30.4;1
941.0;pagerank;17.6;283.2;1
946.0;pagerank;100.8;28.8;1
951.0;pagerank;36.8;19.2;1
956.0;pagerank;200.0;347.2;1
961.0;pagerank;33.6;104.0;1
966.0;pagerank;273.6;25.6;1
971.0;pagerank;371.2;331.2;1
976.0;pagerank;75.2;579.2;1
981.0;pagerank;22.4;20.8;1
986.0;pagerank;289.6;115.2;1
0.0;pagerank;2865.6;241.6;2
5.0;pagerank;54.4;4948.8;2
10.0;pagerank;107.2;32.0;2
15.0;pagerank;4569.6;144.0;2
20.0;pagerank;4.8;46.4;2
25.0;pagerank;129.08;49.4;2
30.0;pagerank;846.4;507.2;2
35.0;pagerank;392.0;4798.4;2
40.0;pagerank;108.8;660.8;2
45.0;pagerank;1662.4;462.4;2
50.0;pagerank;1030.4;28.8;2
55.0;pagerank;284.8;246.4;2
60.0;pagerank;278.4;44.8;2
65.0;pagerank;986.83;427.94;2
70.0;pagerank;570.74;559.52;2
75.0;pagerank;27.2;172.8;2
80.0;pagerank;16.0;456.0;2
85.0;pagerank;14.4;56.0;2
90.0;pagerank;171.2;81.6;2
95.0;pagerank;307.2;176.0;2
100.0;pagerank;441.6;174.4;2
105.0;pagerank;72.0;81.6;2
110.0;pagerank;84.8;44.8;2
115.0;pagerank;488.0;728.0;2
120.0;pagerank;145.6;35.2;2
125.0;pagerank;134.4;443.2;2
130.0;pagerank;78.4;46.4;2
135.0;pagerank;163.2;49.6;2
140.0;pagerank;326.4;19.2;2
145.0;pagerank;646.4;1126.4;2
150.0;pagerank;572.8;32.0;2
155.0;pagerank;160.0;200.0;2
160.0;pagerank;75.2;584.0;2
165.0;pagerank;52.8;17.6;2
170.0;pagerank;81.6;11.2;2
175.0;pagerank;355.2;777.6;2
180.0;pagerank;44.8;27.2;2
185.0;pagerank;148.5;62.28;2
190.0;pagerank;4497.6;464.0;2
195.0;pagerank;244.8;91.2;2
200.0;pagerank;28.8;148.8;2
205.0;pagerank;20.8;150.4;2
210.0;pagerank;25.6;107.2;2
215.0;pagerank;110.4;27.2;2
220.0;pagerank;41.6;510.4;2
225.0;pagerank;75.2;265.6;2
230.0;pagerank;291.2;491.2;2
235.0;pagerank;76.8;195.2;2
240.0;pagerank;19.2;40.0;2
245.0;pagerank;132.8;110.4;2
250.0;pagerank;1.6;145.6;2
255.0;pagerank;2305.6;219.2;2
260.0;pagerank;27.2;27.2;2
265.0;pagerank;27.2;600.0;2
270.0;pagerank;17.6;25.6;2
275.0;pagerank;102.4;9.6;2
280.0;pagerank;11.2;633.6;2
285.0;pagerank;23.95;43.11;2
290.0;pagerank;55.89;150.1;2
295.0;pagerank;97.6;142.4;2
300.0;pagerank;2939.2;144.0;2
305.0;pagerank;318.4;441.6;2
310.0;pagerank;94.4;193.6;2
315.0;pagerank;33.6;484.8;2
320.0;pagerank;17.6;44.8;2
325.0;pagerank;19.2;25.6;2
330.0;pagerank;584.0;278.4;2
335.0;pagerank;16.0;100.8;2
340.0;pagerank;112.0;17.6;2
345.0;pagerank;56.0;150.4;2
350.0;pagerank;1054.4;163.2;2
355.0;pagerank;331.2;321.6;2
360.0;pagerank;1083.2;139.2;2
365.0;pagerank;94.4;235.2;2
370.0;pagerank;483.2;56.0;2
375.0;pagerank;1.6;27.2;2
380.0;pagerank;8.0;515.2;2
385.0;pagerank;328.0;235.2;2
390.0;pagerank;19.2;148.8;2
395.0;pagerank;6.4;60.8;2
400.0;pagerank;164.8;582.4;2
405.0;pagerank;120.0;36.8;2
411.0;pagerank;79.84;43.11;2
416.0;pagerank;193.6;251.2;2
421.0;pagerank;99.2;4550.4;2
426.0;pagerank;1056.0;14254.4;2
431.0;pagerank;1080.0;228.8;2
436.0;pagerank;32.0;56.0;2
441.0;pagerank;48.0;22.4;2
446.0;pagerank;501.4;31.94;2
451.0;pagerank;12.8;30.4;2
456.0;pagerank;139.2;230.4;2
461.0;pagerank;81.6;424.0;2
466.0;pagerank;81.6;27.2;2
471.0;pagerank;116.8;435.2;2
476.0;pagerank;185.6;49.6;2
481.0;pagerank;75.2;32.0;2
486.0;pagerank;57.6;193.6;2
491.0;pagerank;102.4;262.4;2
496.0;pagerank;1265.6;934.4;2
501.0;pagerank;80.0;32.0;2
506.0;pagerank;172.8;190.4;2
511.0;pagerank;33.6;25.6;2
516.0;pagerank;17.6;48.0;2
521.0;pagerank;80.0;689.6;2
526.0;pagerank;1411.2;867.2;2
531.0;pagerank;1176.0;134.4;2
536.0;pagerank;784.0;38.4;2
541.0;pagerank;67.2;14.4;2
546.0;pagerank;62.4;36.8;2
551.0;pagerank;49.6;172.8;2
556.0;pagerank;108.8;193.6;2
561.0;pagerank;62.4;646.4;2
566.0;pagerank;136.0;80.0;2
571.0;pagerank;22.4;12.8;2
576.0;pagerank;56.0;30.4;2
581.0;pagerank;51.2;148.8;2
586.0;pagerank;97.6;145.6;2
591.0;pagerank;56.0;62.4;2
596.0;pagerank;166.4;292.8;2
601.0;pagerank;46.4;88.0;2
606.0;pagerank;172.8;28.8;2
611.0;pagerank;27.2;592.0;2
616.0;pagerank;187.2;196.8;2
621.0;pagerank;1579.2;150.4;2
626.0;pagerank;339.2;54.4;2
631.0;pagerank;30.4;76.8;2
636.0;pagerank;441.6;73.6;2
641.0;pagerank;62.4;713.6;2
646.0;pagerank;95.81;33.53;2
651.0;pagerank;179.2;41.6;2
656.0;pagerank;142.4;608.0;2
661.0;pagerank;32.0;16.0;2
666.0;pagerank;89.6;124.8;2
671.0;pagerank;1488.0;302.4;2
676.0;pagerank;67.2;158.4;2
681.0;pagerank;128.0;262.4;2
686.0;pagerank;25.6;40.0;2
691.0;pagerank;52.8;17.6;2
696.0;pagerank;28.8;96.0;2
701.0;pagerank;67.2;145.6;2
706.0;pagerank;619.2;115.2;2
711.0;pagerank;234.73;178.84;2
716.0;pagerank;462.4;64.0;2
721.0;pagerank;44.8;427.2;2
726.0;pagerank;24.0;25.6;2
731.0;pagerank;68.8;1318.4;2
736.0;pagerank;78.4;198.4;2
741.0;pagerank;160.0;265.6;2
746.0;pagerank;3902.4;604.8;2
751.0;pagerank;56.0;436.8;2
756.0;pagerank;38.4;22.4;2
761.0;pagerank;148.8;651.2;2
766.0;pagerank;46.4;136.0;2
771.0;pagerank;172.8;36.8;2
776.0;pagerank;124.8;547.2;2
781.0;pagerank;24.0;1774.4;2
786.0;pagerank;1813.97;9901.8;2
791.0;pagerank;3487.43;3220.76;2
796.0;pagerank;5734.4;102.4;2
801.0;pagerank;201.6;19.2;2
806.0;pagerank;588.8;36.8;2
811.0;pagerank;32.0;27.2;2
816.0;pagerank;60.8;164.8;2
821.0;pagerank;395.2;734.4;2
826.0;pagerank;683.2;220.8;2
831.0;pagerank;441.6;120.0;2
836.0;pagerank;4316.8;51.2;2
841.0;pagerank;20.8;28.8;2
846.0;pagerank;174.4;156.8;2
851.0;pagerank;16.0;520.0;2
856.0;pagerank;4.8;505.6;2
861.0;pagerank;20.8;108.8;2
866.0;pagerank;134.4;30.4;2
871.0;pagerank;14.4;27.2;2
876.0;pagerank;3.2;145.6;2
881.0;pagerank;1230.4;638.4;2
886.0;pagerank;33.6;14.4;2
891.0;pagerank;8.0;75.2;2
896.0;pagerank;584.0;51.2;2
901.0;pagerank;278.4;32.0;2
906.0;pagerank;115.2;444.8;2
911.0;pagerank;76.8;313.6;2
916.0;pagerank;1014.4;300.8;2
921.0;pagerank;25.6;32.0;2
926.0;pagerank;176.0;88.0;2
931.0;pagerank;30.4;25.6;2
936.0;pagerank;6.4;30.4;2
941.0;pagerank;17.6;283.2;2
946.0;pagerank;100.8;28.8;2
951.0;pagerank;36.8;19.2;2
956.0;pagerank;200.0;347.2;2
961.0;pagerank;33.6;104.0;2
966.0;pagerank;273.6;25.6;2
971.0;pagerank;371.2;331.2;2
976.0;pagerank;75.2;579.2;2
981.0;pagerank;22.4;20.8;2
986.0;pagerank;289.6;115.2;2
0.0;pagerank;2865.6;241.6;3
5.0;pagerank;54.4;4948.8;3
10.0;pagerank;107.2;32.0;3
15.0;pagerank;4569.6;144.0;3
20.0;pagerank;4.8;46.4;3
25.0;pagerank;129.08;49.4;3
30.0;pagerank;846.4;507.2;3
35.0;pagerank;392.0;4798.4;3
40.0;pagerank;108.8;660.8;3
45.0;pagerank;1662.4;462.4;3
50.0;pagerank;1030.4;28.8;3
55.0;pagerank;284.8;246.4;3
60.0;pagerank;278.4;44.8;3
65.0;pagerank;986.83;427.94;3
70.0;pagerank;570.74;559.52;3
75.0;pagerank;27.2;172.8;3
80.0;pagerank;16.0;456.0;3
85.0;pagerank;14.4;56.0;3
90.0;pagerank;171.2;81.6;3
95.0;pagerank;307.2;176.0;3
100.0;pagerank;441.6;174.4;3
105.0;pagerank;72.0;81.6;3
110.0;pagerank;84.8;44.8;3
115.0;pagerank;488.0;728.0;3
120.0;pagerank;145.6;35.2;3
125.0;pagerank;134.4;443.2;3
130.0;pagerank;78.4;46.4;3
135.0;pagerank;163.2;49.6;3
140.0;pagerank;326.4;19.2;3
145.0;pagerank;646.4;1126.4;3
150.0;pagerank;572.8;32.0;3
155.0;pagerank;160.0;200.0;3
160.0;pagerank;75.2;584.0;3
165.0;pagerank;52.8;17.6;3
170.0;pagerank;81.6;11.2;3
175.0;pagerank;355.2;777.6;3
180.0;pagerank;44.8;27.2;3
185.0;pagerank;148.5;62.28;3
190.0;pagerank;4497.6;464.0;3
195.0;pagerank;244.8;91.2;3
200.0;pagerank;28.8;148.8;3
205.0;pagerank;20.8;150.4;3
210.0;pagerank;25.6;107.2;3
215.0;pagerank;110.4;27.2;3
220.0;pagerank;41.6;510.4;3
225.0;pagerank;75.2;265.6;3
230.0;pagerank;291.2;491.2;3
235.0;pagerank;76.8;195.2;3
240.0;pagerank;19.2;40.0;3
245.0;pagerank;132.8;110.4;3
250.0;pagerank;1.6;145.6;3
255.0;pagerank;2305.6;219.2;3
260.0;pagerank;27.2;27.2;3
265.0;pagerank;27.2;600.0;3
270.0;pagerank;17.6;25.6;3
275.0;pagerank;102.4;9.6;3
280.0;pagerank;11.2;633.6;3
285.0;pagerank;23.95;43.11;3
290.0;pagerank;55.89;150.1;3
295.0;pagerank;97.6;142.4;3
300.0;pagerank;2939.2;144.0;3
305.0;pagerank;318.4;441.6;3
310.0;pagerank;94.4;193.6;3
315.0;pagerank;33.6;484.8;3
320.0;pagerank;17.6;44.8;3
325.0;pagerank;19.2;25.6;3
330.0;pagerank;584.0;278.4;3
335.0;pagerank;16.0;100.8;3
340.0;pagerank;112.0;17.6;3
345.0;pagerank;56.0;150.4;3
350.0;pagerank;1054.4;163.2;3
355.0;pagerank;331.2;321.6;3
360.0;pagerank;1083.2;139.2;3
365.0;pagerank;94.4;235.2;3
370.0;pagerank;483.2;56.0;3
375.0;pagerank;1.6;27.2;3
380.0;pagerank;8.0;515.2;3
385.0;pagerank;328.0;235.2;3
390.0;pagerank;19.2;148.8;3
395.0;pagerank;6.4;60.8;3
400.0;pagerank;164.8;582.4;3
405.0;pagerank;120.0;36.8;3
411.0;pagerank;79.84;43.11;3
416.0;pagerank;193.6;251.2;3
421.0;pagerank;99.2;4550.4;3
426.0;pagerank;1056.0;14254.4;3
431.0;pagerank;1080.0;228.8;3
436.0;pagerank;32.0;56.0;3
441.0;pagerank;48.0;22.4;3
446.0;pagerank;501.4;31.94;3
451.0;pagerank;12.8;30.4;3
456.0;pagerank;139.2;230.4;3
461.0;pagerank;81.6;424.0;3
466.0;pagerank;81.6;27.2;3
471.0;pagerank;116.8;435.2;3
476.0;pagerank;185.6;49.6;3
481.0;pagerank;75.2;32.0;3
486.0;pagerank;57.6;193.6;3
491.0;pagerank;102.4;262.4;3
496.0;pagerank;1265.6;934.4;3
501.0;pagerank;80.0;32.0;3
506.0;pagerank;172.8;190.4;3
511.0;pagerank;33.6;25.6;3
516.0;pagerank;17.6;48.0;3
521.0;pagerank;80.0;689.6;3
526.0;pagerank;1411.2;867.2;3
531.0;pagerank;1176.0;134.4;3
536.0;pagerank;784.0;38.4;3
541.0;pagerank;67.2;14.4;3
546.0;pagerank;62.4;36.8;3
551.0;pagerank;49.6;172.8;3
556.0;pagerank;108.8;193.6;3
561.0;pagerank;62.4;646.4;3
566.0;pagerank;136.0;80.0;3
571.0;pagerank;22.4;12.8;3
576.0;pagerank;56.0;30.4;3
581.0;pagerank;51.2;148.8;3
586.0;pagerank;97.6;145.6;3
591.0;pagerank;56.0;62.4;3
596.0;pagerank;166.4;292.8;3
601.0;pagerank;46.4;88.0;3
606.0;pagerank;172.8;28.8;3
611.0;pagerank;27.2;592.0;3
616.0;pagerank;187.2;196.8;3
621.0;pagerank;1579.2;150.4;3
626.0;pagerank;339.2;54.4;3
631.0;pagerank;30.4;76.8;3
636.0;pagerank;441.6;73.6;3
641.0;pagerank;62.4;713.6;3
646.0;pagerank;95.81;33.53;3
651.0;pagerank;179.2;41.6;3
656.0;pagerank;142.4;608.0;3
661.0;pagerank;32.0;16.0;3
666.0;pagerank;89.6;124.8;3
671.0;pagerank;1488.0;302.4;3
676.0;pagerank;67.2;158.4;3
681.0;pagerank;128.0;262.4;3
686.0;pagerank;25.6;40.0;3
691.0;pagerank;52.8;17.6;3
696.0;pagerank;28.8;96.0;3
701.0;pagerank;67.2;145.6;3
706.0;pagerank;619.2;115.2;3
711.0;pagerank;234.73;178.84;3
716.0;pagerank;462.4;64.0;3
721.0;pagerank;44.8;427.2;3
726.0;pagerank;24.0;25.6;3
731.0;pagerank;68.8;1318.4;3
736.0;pagerank;78.4;198.4;3
741.0;pagerank;160.0;265.6;3
746.0;pagerank;3902.4;604.8;3
751.0;pagerank;56.0;436.8;3
756.0;pagerank;38.4;22.4;3
761.0;pagerank;148.8;651.2;3
766.0;pagerank;46.4;136.0;3
771.0;pagerank;172.8;36.8;3
776.0;pagerank;124.8;547.2;3
781.0;pagerank;24.0;1774.4;3
786.0;pagerank;1813.97;9901.8;3
791.0;pagerank;3487.43;3220.76;3
796.0;pagerank;5734.4;102.4;3
801.0;pagerank;201.6;19.2;3
806.0;pagerank;588.8;36.8;3
811.0;pagerank;32.0;27.2;3
816.0;pagerank;60.8;164.8;3
821.0;pagerank;395.2;734.4;3
826.0;pagerank;683.2;220.8;3
831.0;pagerank;441.6;120.0;3
836.0;pagerank;4316.8;51.2;3
841.0;pagerank;20.8;28.8;3
846.0;pagerank;174.4;156.8;3
851.0;pagerank;16.0;520.0;3
856.0;pagerank;4.8;505.6;3
861.0;pagerank;20.8;108.8;3
866.0;pagerank;134.4;30.4;3
871.0;pagerank;14.4;27.2;3
876.0;pagerank;3.2;145.6;3
881.0;pagerank;1230.4;638.4;3
886.0;pagerank;33.6;14.4;3
891.0;pagerank;8.0;75.2;3
896.0;pagerank;584.0;51.2;3
901.0;pagerank;278.4;32.0;3
906.0;pagerank;115.2;444.8;3
911.0;pagerank;76.8;313.6;3
916.0;pagerank;1014.4;300.8;3
921.0;pagerank;25.6;32.0;3
926.0;pagerank;176.0;88.0;3
931.0;pagerank;30.4;25.6;3
936.0;pagerank;6.4;30.4;3
941.0;pagerank;17.6;283.2;3
946.0;pagerank;100.8;28.8;3
951.0;pagerank;36.8;19.2;3
956.0;pagerank;200.0;347.2;3
961.0;pagerank;33.6;104.0;3
966.0;pagerank;273.6;25.6;3
971.0;pagerank;371.2;331.2;3
976.0;pagerank;75.2;579.2;3
981.0;pagerank;22.4;20.8;3
986.0;pagerank;289.6;115.2;3
0.0;pagerank;2865.6;241.6;4
5.0;pagerank;54.4;4948.8;4
10.0;pagerank;107.2;32.0;4
15.0;pagerank;4569.6;144.0;4
20.0;pagerank;4.8;46.4;4
25.0;pagerank;129.08;49.4;4
30.0;pagerank;846.4;507.2;4
35.0;pagerank;392.0;4798.4;4
40.0;pagerank;108.8;660.8;4
45.0;pagerank;1662.4;462.4;4
50.0;pagerank;1030.4;28.8;4
55.0;pagerank;284.8;246.4;4
60.0;pagerank;278.4;44.8;4
65.0;pagerank;986.83;427.94;4
70.0;pagerank;570.74;559.52;4
75.0;pagerank;27.2;172.8;4
80.0;pagerank;16.0;456.0;4
85.0;pagerank;14.4;56.0;4
90.0;pagerank;171.2;81.6;4
95.0;pagerank;307.2;176.0;4
100.0;pagerank;441.6;174.4;4
105.0;pagerank;72.0;81.6;4
110.0;pagerank;84.8;44.8;4
115.0;pagerank;488.0;728.0;4
120.0;pagerank;145.6;35.2;4
125.0;pagerank;134.4;443.2;4
130.0;pagerank;78.4;46.4;4
135.0;pagerank;163.2;49.6;4
140.0;pagerank;326.4;19.2;4
145.0;pagerank;646.4;1126.4;4
150.0;pagerank;572.8;32.0;4
155.0;pagerank;160.0;200.0;4
160.0;pagerank;75.2;584.0;4
165.0;pagerank;52.8;17.6;4
170.0;pagerank;81.6;11.2;4
175.0;pagerank;355.2;777.6;4
180.0;pagerank;44.8;27.2;4
185.0;pagerank;148.5;62.28;4
190.0;pagerank;4497.6;464.0;4
195.0;pagerank;244.8;91.2;4
200.0;pagerank;28.8;148.8;4
205.0;pagerank;20.8;150.4;4
210.0;pagerank;25.6;107.2;4
215.0;pagerank;110.4;27.2;4
220.0;pagerank;41.6;510.4;4
225.0;pagerank;75.2;265.6;4
230.0;pagerank;291.2;491.2;4
235.0;pagerank;76.8;195.2;4
240.0;pagerank;19.2;40.0;4
245.0;pagerank;132.8;110.4;4
250.0;pagerank;1.6;145.6;4
255.0;pagerank;2305.6;219.2;4
260.0;pagerank;27.2;27.2;4
265.0;pagerank;27.2;600.0;4
270.0;pagerank;17.6;25.6;4
275.0;pagerank;102.4;9.6;4
280.0;pagerank;11.2;633.6;4
285.0;pagerank;23.95;43.11;4
290.0;pagerank;55.89;150.1;4
295.0;pagerank;97.6;142.4;4
300.0;pagerank;2939.2;144.0;4
305.0;pagerank;318.4;441.6;4
310.0;pagerank;94.4;193.6;4
315.0;pagerank;33.6;484.8;4
320.0;pagerank;17.6;44.8;4
325.0;pagerank;19.2;25.6;4
330.0;pagerank;584.0;278.4;4
335.0;pagerank;16.0;100.8;4
340.0;pagerank;112.0;17.6;4
345.0;pagerank;56.0;150.4;4
350.0;pagerank;1054.4;163.2;4
355.0;pagerank;331.2;321.6;4
360.0;pagerank;1083.2;139.2;4
365.0;pagerank;94.4;235.2;4
370.0;pagerank;483.2;56.0;4
375.0;pagerank;1.6;27.2;4
380.0;pagerank;8.0;515.2;4
385.0;pagerank;328.0;235.2;4
390.0;pagerank;19.2;148.8;4
395.0;pagerank;6.4;60.8;4
400.0;pagerank;164.8;582.4;4
405.0;pagerank;120.0;36.8;4
411.0;pagerank;79.84;43.11;4
416.0;pagerank;193.6;251.2;4
421.0;pagerank;99.2;4550.4;4
426.0;pagerank;1056.0;14254.4;4
431.0;pagerank;1080.0;228.8;4
436.0;pagerank;32.0;56.0;4
441.0;pagerank;48.0;22.4;4
446.0;pagerank;501.4;31.94;4
451.0;pagerank;12.8;30.4;4
456.0;pagerank;139.2;230.4;4
461.0;pagerank;81.6;424.0;4
466.0;pagerank;81.6;27.2;4
471.0;pagerank;116.8;435.2;4
476.0;pagerank;185.6;49.6;4
481.0;pagerank;75.2;32.0;4
486.0;pagerank;57.6;193.6;4
491.0;pagerank;102.4;262.4;4
496.0;pagerank;1265.6;934.4;4
501.0;pagerank;80.0;32.0;4
506.0;pagerank;172.8;190.4;4
511.0;pagerank;33.6;25.6;4
516.0;pagerank;17.6;48.0;4
521.0;pagerank;80.0;689.6;4
526.0;pagerank;1411.2;867.2;4
531.0;pagerank;1176.0;134.4;4
536.0;pagerank;784.0;38.4;4
541.0;pagerank;67.2;14.4;4
546.0;pagerank;62.4;36.8;4
551.0;pagerank;49.6;172.8;4
556.0;pagerank;108.8;193.6;4
561.0;pagerank;62.4;646.4;4
566.0;pagerank;136.0;80.0;4
571.0;pagerank;22.4;12.8;4
576.0;pagerank;56.0;30.4;4
581.0;pagerank;51.2;148.8;4
586.0;pagerank;97.6;145.6;4
591.0;pagerank;56.0;62.4;4
596.0;pagerank;166.4;292.8;4
601.0;pagerank;46.4;88.0;4
606.0;pagerank;172.8;28.8;4
611.0;pagerank;27.2;592.0;4
616.0;pagerank;187.2;196.8;4
621.0;pagerank;1579.2;150.4;4
626.0;pagerank;339.2;54.4;4
631.0;pagerank;30.4;76.8;4
636.0;pagerank;441.6;73.6;4
641.0;pagerank;62.4;713.6;4
646.0;pagerank;95.81;33.53;4
651.0;pagerank;179.2;41.6;4
656.0;pagerank;142.4;608.0;4
661.0;pagerank;32.0;16.0;4
666.0;pagerank;89.6;124.8;4
671.0;pagerank;1488.0;302.4;4
676.0;pagerank;67.2;158.4;4
681.0;pagerank;128.0;262.4;4
686.0;pagerank;25.6;40.0;4
691.0;pagerank;52.8;17.6;4
696.0;pagerank;28.8;96.0;4
701.0;pagerank;67.2;145.6;4
706.0;pagerank;619.2;115.2;4
711.0;pagerank;234.73;178.84;4
716.0;pagerank;462.4;64.0;4
721.0;pagerank;44.8;427.2;4
726.0;pagerank;24.0;25.6;4
731.0;pagerank;68.8;1318.4;4
736.0;pagerank;78.4;198.4;4
741.0;pagerank;160.0;265.6;4
746.0;pagerank;3902.4;604.8;4
751.0;pagerank;56.0;436.8;4
756.0;pagerank;38.4;22.4;4
761.0;pagerank;148.8;651.2;4
766.0;pagerank;46.4;136.0;4
771.0;pagerank;172.8;36.8;4
776.0;pagerank;124.8;547.2;4
781.0;pagerank;24.0;1774.4;4
786.0;pagerank;1813.97;9901.8;4
791.0;pagerank;3487.43;3220.76;4
796.0;pagerank;5734.4;102.4;4
801.0;pagerank;201.6;19.2;4
806.0;pagerank;588.8;36.8;4
811.0;pagerank;32.0;27.2;4
816.0;pagerank;60.8;164.8;4
821.0;pagerank;395.2;734.4;4
826.0;pagerank;683.2;220.8;4
831.0;pagerank;441.6;120.0;4
836.0;pagerank;4316.8;51.2;4
841.0;pagerank;20.8;28.8;4
846.0;pagerank;174.4;156.8;4
851.0;pagerank;16.0;520.0;4
856.0;pagerank;4.8;505.6;4
861.0;pagerank;20.8;108.8;4
866.0;pagerank;134.4;30.4;4
871.0;pagerank;14.4;27.2;4
876.0;pagerank;3.2;145.6;4
881.0;pagerank;1230.4;638.4;4
886.0;pagerank;33.6;14.4;4
891.0;pagerank;8.0;75.2;4
896.0;pagerank;584.0;51.2;4
901.0;pagerank;278.4;32.0;4
906.0;pagerank;115.2;444.8;4
911.0;pagerank;76.8;313.6;4
916.0;pagerank;1014.4;300.8;4
921.0;pagerank;25.6;32.0;4
926.0;pagerank;176.0;88.0;4
931.0;pagerank;30.4;25.6;4
936.0;pagerank;6.4;30.4;4
941.0;pagerank;17.6;283.2;4
946.0;pagerank;100.8;28.8;4
951.0;pagerank;36.8;19.2;4
956.0;pagerank;200.0;347.2;4
961.0;pagerank;33.6;104.0;4
966.0;pagerank;273.6;25.6;4
971.0;pagerank;371.2;331.2;4
976.0;pagerank;75.2;579.2;4
981.0;pagerank;22.4;20.8;4
986.0;pagerank;289.6;115.2;4
0.0;pagerank;2865.6;241.6;5
5.0;pagerank;54.4;4948.8;5
10.0;pagerank;107.2;32.0;5
15.0;pagerank;4569.6;144.0;5
20.0;pagerank;4.8;46.4;5
25.0;pagerank;129.08;49.4;5
30.0;pagerank;846.4;507.2;5
35.0;pagerank;392.0;4798.4;5
40.0;pagerank;108.8;660.8;5
45.0;pagerank;1662.4;462.4;5
50.0;pagerank;1030.4;28.8;5
55.0;pagerank;284.8;246.4;5
60.0;pagerank;278.4;44.8;5
65.0;pagerank;986.83;427.94;5
70.0;pagerank;570.74;559.52;5
75.0;pagerank;27.2;172.8;5
80.0;pagerank;16.0;456.0;5
85.0;pagerank;14.4;56.0;5
90.0;pagerank;171.2;81.6;5
95.0;pagerank;307.2;176.0;5
100.0;pagerank;441.6;174.4;5
105.0;pagerank;72.0;81.6;5
110.0;pagerank;84.8;44.8;5
115.0;pagerank;488.0;728.0;5
120.0;pagerank;145.6;35.2;5
125.0;pagerank;134.4;443.2;5
130.0;pagerank;78.4;46.4;5
135.0;pagerank;163.2;49.6;5
140.0;pagerank;326.4;19.2;5
145.0;pagerank;646.4;1126.4;5
150.0;pagerank;572.8;32.0;5
155.0;pagerank;160.0;200.0;5
160.0;pagerank;75.2;584.0;5
165.0;pagerank;52.8;17.6;5
170.0;pagerank;81.6;11.2;5
175.0;pagerank;355.2;777.6;5
180.0;pagerank;44.8;27.2;5
185.0;pagerank;148.5;62.28;5
190.0;pagerank;4497.6;464.0;5
195.0;pagerank;244.8;91.2;5
200.0;pagerank;28.8;148.8;5
205.0;pagerank;20.8;150.4;5
210.0;pagerank;25.6;107.2;5
215.0;pagerank;110.4;27.2;5
220.0;pagerank;41.6;510.4;5
225.0;pagerank;75.2;265.6;5
230.0;pagerank;291.2;491.2;5
235.0;pagerank;76.8;195.2;5
240.0;pagerank;19.2;40.0;5
245.0;pagerank;132.8;110.4;5
250.0;pagerank;1.6;145.6;5
255.0;pagerank;2305.6;219.2;5
260.0;pagerank;27.2;27.2;5
265.0;pagerank;27.2;600.0;5
270.0;pagerank;17.6;25.6;5
275.0;pagerank;102.4;9.6;5
280.0;pagerank;11.2;633.6;5
285.0;pagerank;23.95;43.11;5
290.0;pagerank;55.89;150.1;5
295.0;pagerank;97.6;142.4;5
300.0;pagerank;2939.2;144.0;5
305.0;pagerank;318.4;441.6;5
310.0;pagerank;94.4;193.6;5
315.0;pagerank;33.6;484.8;5
320.0;pagerank;17.6;44.8;5
325.0;pagerank;19.2;25.6;5
330.0;pagerank;584.0;278.4;5
335.0;pagerank;16.0;100.8;5
340.0;pagerank;112.0;17.6;5
345.0;pagerank;56.0;150.4;5
350.0;pagerank;1054.4;163.2;5
355.0;pagerank;331.2;321.6;5
360.0;pagerank;1083.2;139.2;5
365.0;pagerank;94.4;235.2;5
370.0;pagerank;483.2;56.0;5
375.0;pagerank;1.6;27.2;5
380.0;pagerank;8.0;515.2;5
385.0;pagerank;328.0;235.2;5
390.0;pagerank;19.2;148.8;5
395.0;pagerank;6.4;60.8;5
400.0;pagerank;164.8;582.4;5
405.0;pagerank;120.0;36.8;5
411.0;pagerank;79.84;43.11;5
416.0;pagerank;193.6;251.2;5
421.0;pagerank;99.2;4550.4;5
426.0;pagerank;1056.0;14254.4;5
431.0;pagerank;1080.0;228.8;5
436.0;pagerank;32.0;56.0;5
441.0;pagerank;48.0;22.4;5
446.0;pagerank;501.4;31.94;5
451.0;pagerank;12.8;30.4;5
456.0;pagerank;139.2;230.4;5
461.0;pagerank;81.6;424.0;5
466.0;pagerank;81.6;27.2;5
471.0;pagerank;116.8;435.2;5
476.0;pagerank;185.6;49.6;5
481.0;pagerank;75.2;32.0;5
486.0;pagerank;57.6;193.6;5
491.0;pagerank;102.4;262.4;5
496.0;pagerank;1265.6;934.4;5
501.0;pagerank;80.0;32.0;5
506.0;pagerank;172.8;190.4;5
511.0;pagerank;33.6;25.6;5
516.0;pagerank;17.6;48.0;5
521.0;pagerank;80.0;689.6;5
526.0;pagerank;1411.2;867.2;5
531.0;pagerank;1176.0;134.4;5
536.0;pagerank;784.0;38.4;5
541.0;pagerank;67.2;14.4;5
546.0;pagerank;62.4;36.8;5
551.0;pagerank;49.6;172.8;5
556.0;pagerank;108.8;193.6;5
561.0;pagerank;62.4;646.4;5
566.0;pagerank;136.0;80.0;5
571.0;pagerank;22.4;12.8;5
576.0;pagerank;56.0;30.4;5
581.0;pagerank;51.2;148.8;5
586.0;pagerank;97.6;145.6;5
591.0;pagerank;56.0;62.4;5
596.0;pagerank;166.4;292.8;5
601.0;pagerank;46.4;88.0;5
606.0;pagerank;172.8;28.8;5
611.0;pagerank;27.2;592.0;5
616.0;pagerank;187.2;196.8;5
621.0;pagerank;1579.2;150.4;5
626.0;pagerank;339.2;54.4;5
631.0;pagerank;30.4;76.8;5
636.0;pagerank;441.6;73.6;5
641.0;pagerank;62.4;713.6;5
646.0;pagerank;95.81;33.53;5
651.0;pagerank;179.2;41.6;5
656.0;pagerank;142.4;608.0;5
661.0;pagerank;32.0;16.0;5
666.0;pagerank;89.6;124.8;5
671.0;pagerank;1488.0;302.4;5
676.0;pagerank;67.2;158.4;5
681.0;pagerank;128.0;262.4;5
686.0;pagerank;25.6;40.0;5
691.0;pagerank;52.8;17.6;5
696.0;pagerank;28.8;96.0;5
701.0;pagerank;67.2;145.6;5
706.0;pagerank;619.2;115.2;5
711.0;pagerank;234.73;178.84;5
716.0;pagerank;462.4;64.0;5
721.0;pagerank;44.8;427.2;5
726.0;pagerank;24.0;25.6;5
731.0;pagerank;68.8;1318.4;5
736.0;pagerank;78.4;198.4;5
741.0;pagerank;160.0;265.6;5
746.0;pagerank;3902.4;604.8;5
751.0;pagerank;56.0;436.8;5
756.0;pagerank;38.4;22.4;5
761.0;pagerank;148.8;651.2;5
766.0;pagerank;46.4;136.0;5
771.0;pagerank;172.8;36.8;5
776.0;pagerank;124.8;547.2;5
781.0;pagerank;24.0;1774.4;5
786.0;pagerank;1813.97;9901.8;5
791.0;pagerank;3487.43;3220.76;5
796.0;pagerank;5734.4;102.4;5
801.0;pagerank;201.6;19.2;5
806.0;pagerank;588.8;36.8;5
811.0;pagerank;32.0;27.2;5
816.0;pagerank;60.8;164.8;5
821.0;pagerank;395.2;734.4;5
826.0;pagerank;683.2;220.8;5
831.0;pagerank;441.6;120.0;5
836.0;pagerank;4316.8;51.2;5
841.0;pagerank;20.8;28.8;5
846.0;pagerank;174.4;156.8;5
851.0;pagerank;16.0;520.0;5
856.0;pagerank;4.8;505.6;5
861.0;pagerank;20.8;108.8;5
866.0;pagerank;134.4;30.4;5
871.0;pagerank;14.4;27.2;5
876.0;pagerank;3.2;145.6;5
881.0;pagerank;1230.4;638.4;5
886.0;pagerank;33.6;14.4;5
891.0;pagerank;8.0;75.2;5
896.0;pagerank;584.0;51.2;5
901.0;pagerank;278.4;32.0;5
906.0;pagerank;115.2;444.8;5
911.0;pagerank;76.8;313.6;5
916.0;pagerank;1014.4;300.8;5
921.0;pagerank;25.6;32.0;5
926.0;pagerank;176.0;88.0;5
931.0;pagerank;30.4;25.6;5
936.0;pagerank;6.4;30.4;5
941.0;pagerank;17.6;283.2;5
946.0;pagerank;100.8;28.8;5
951.0;pagerank;36.8;19.2;5
956.0;pagerank;200.0;347.2;5
961.0;pagerank;33.6;104.0;5
966.0;pagerank;273.6;25.6;5
971.0;pagerank;371.2;331.2;5
976.0;pagerank;75.2;579.2;5
981.0;pagerank;22.4;20.8;5
986.0;pagerank;289.6;115.2;5
0.0;pagerank;2865.6;241.6;6
5.0;pagerank;54.4;4948.8;6
10.0;pagerank;107.2;32.0;6
15.0;pagerank;4569.6;144.0;6
20.0;pagerank;4.8;46.4;6
25.0;pagerank;129.08;49.4;6
30.0;pagerank;846.4;507.2;6
35.0;pagerank;392.0;4798.4;6
40.0;pagerank;108.8;660.8;6
45.0;pagerank;1662.4;462.4;6
50.0;pagerank;1030.4;28.8;6
55.0;pagerank;284.8;246.4;6
60.0;pagerank;278.4;44.8;6
65.0;pagerank;986.83;427.94;6
70.0;pagerank;570.74;559.52;6
75.0;pagerank;27.2;172.8;6
80.0;pagerank;16.0;456.0;6
85.0;pagerank;14.4;56.0;6
90.0;pagerank;171.2;81.6;6
95.0;pagerank;307.2;176.0;6
100.0;pagerank;441.6;174.4;6
105.0;pagerank;72.0;81.6;6
110.0;pagerank;84.8;44.8;6
115.0;pagerank;488.0;728.0;6
120.0;pagerank;145.6;35.2;6
125.0;pagerank;134.4;443.2;6
130.0;pagerank;78.4;46.4;6
135.0;pagerank;163.2;49.6;6
140.0;pagerank;326.4;19.2;6
145.0;pagerank;646.4;1126.4;6
150.0;pagerank;572.8;32.0;6
155.0;pagerank;160.0;200.0;6
160.0;pagerank;75.2;584.0;6
165.0;pagerank;52.8;17.6;6
170.0;pagerank;81.6;11.2;6
175.0;pagerank;355.2;777.6;6
180.0;pagerank;44.8;27.2;6
185.0;pagerank;148.5;62.28;6
190.0;pagerank;4497.6;464.0;6
195.0;pagerank;244.8;91.2;6
200.0;pagerank;28.8;148.8;6
205.0;pagerank;20.8;150.4;6
210.0;pagerank;25.6;107.2;6
215.0;pagerank;110.4;27.2;6
220.0;pagerank;41.6;510.4;6
225.0;pagerank;75.2;265.6;6
230.0;pagerank;291.2;491.2;6
235.0;pagerank;76.8;195.2;6
240.0;pagerank;19.2;40.0;6
245.0;pagerank;132.8;110.4;6
250.0;pagerank;1.6;145.6;6
255.0;pagerank;2305.6;219.2;6
260.0;pagerank;27.2;27.2;6
265.0;pagerank;27.2;600.0;6
270.0;pagerank;17.6;25.6;6
275.0;pagerank;102.4;9.6;6
280.0;pagerank;11.2;633.6;6
285.0;pagerank;23.95;43.11;6
290.0;pagerank;55.89;150.1;6
295.0;pagerank;97.6;142.4;6
300.0;pagerank;2939.2;144.0;6
305.0;pagerank;318.4;441.6;6
310.0;pagerank;94.4;193.6;6
315.0;pagerank;33.6;484.8;6
320.0;pagerank;17.6;44.8;6
325.0;pagerank;19.2;25.6;6
330.0;pagerank;584.0;278.4;6
335.0;pagerank;16.0;100.8;6
340.0;pagerank;112.0;17.6;6
345.0;pagerank;56.0;150.4;6
350.0;pagerank;1054.4;163.2;6
355.0;pagerank;331.2;321.6;6
360.0;pagerank;1083.2;139.2;6
365.0;pagerank;94.4;235.2;6
370.0;pagerank;483.2;56.0;6
375.0;pagerank;1.6;27.2;6
380.0;pagerank;8.0;515.2;6
385.0;pagerank;328.0;235.2;6
390.0;pagerank;19.2;148.8;6
395.0;pagerank;6.4;60.8;6
400.0;pagerank;164.8;582.4;6
405.0;pagerank;120.0;36.8;6
411.0;pagerank;79.84;43.11;6
416.0;pagerank;193.6;251.2;6
421.0;pagerank;99.2;4550.4;6
426.0;pagerank;1056.0;14254.4;6
431.0;pagerank;1080.0;228.8;6
436.0;pagerank;32.0;56.0;6
441.0;pagerank;48.0;22.4;6
446.0;pagerank;501.4;31.94;6
451.0;pagerank;12.8;30.4;6
456.0;pagerank;139.2;230.4;6
461.0;pagerank;81.6;424.0;6
466.0;pagerank;81.6;27.2;6
471.0;pagerank;116.8;435.2;6
476.0;pagerank;185.6;49.6;6
481.0;pagerank;75.2;32.0;6
486.0;pagerank;57.6;193.6;6
491.0;pagerank;102.4;262.4;6
496.0;pagerank;1265.6;934.4;6
501.0;pagerank;80.0;32.0;6
506.0;pagerank;172.8;190.4;6
511.0;pagerank;33.6;25.6;6
516.0;pagerank;17.6;48.0;6
521.0;pagerank;80.0;689.6;6
526.0;pagerank;1411.2;867.2;6
531.0;pagerank;1176.0;134.4;6
536.0;pagerank;784.0;38.4;6
541.0;pagerank;67.2;14.4;6
546.0;pagerank;62.4;36.8;6
551.0;pagerank;49.6;172.8;6
556.0;pagerank;108.8;193.6;6
561.0;pagerank;62.4;646.4;6
566.0;pagerank;136.0;80.0;6
571.0;pagerank;22.4;12.8;6
576.0;pagerank;56.0;30.4;6
581.0;pagerank;51.2;148.8;6
586.0;pagerank;97.6;145.6;6
591.0;pagerank;56.0;62.4;6
596.0;pagerank;166.4;292.8;6
601.0;pagerank;46.4;88.0;6
606.0;pagerank;172.8;28.8;6
611.0;pagerank;27.2;592.0;6
616.0;pagerank;187.2;196.8;6
621.0;pagerank;1579.2;150.4;6
626.0;pagerank;339.2;54.4;6
631.0;pagerank;30.4;76.8;6
636.0;pagerank;441.6;73.6;6
641.0;pagerank;62.4;713.6;6
646.0;pagerank;95.81;33.53;6
651.0;pagerank;179.2;41.6;6
656.0;pagerank;142.4;608.0;6
661.0;pagerank;32.0;16.0;6
666.0;pagerank;89.6;124.8;6
671.0;pagerank;1488.0;302.4;6
676.0;pagerank;67.2;158.4;6
681.0;pagerank;128.0;262.4;6
686.0;pagerank;25.6;40.0;6
691.0;pagerank;52.8;17.6;6
696.0;pagerank;28.8;96.0;6
701.0;pagerank;67.2;145.6;6
706.0;pagerank;619.2;115.2;6
711.0;pagerank;234.73;178.84;6
716.0;pagerank;462.4;64.0;6
721.0;pagerank;44.8;427.2;6
726.0;pagerank;24.0;25.6;6
731.0;pagerank;68.8;1318.4;6
736.0;pagerank;78.4;198.4;6
741.0;pagerank;160.0;265.6;6
746.0;pagerank;3902.4;604.8;6
751.0;pagerank;56.0;436.8;6
756.0;pagerank;38.4;22.4;6
761.0;pagerank;148.8;651.2;6
766.0;pagerank;46.4;136.0;6
771.0;pagerank;172.8;36.8;6
776.0;pagerank;124.8;547.2;6
781.0;pagerank;24.0;1774.4;6
786.0;pagerank;1813.97;9901.8;6
791.0;pagerank;3487.43;3220.76;6
796.0;pagerank;5734.4;102.4;6
801.0;pagerank;201.6;19.2;6
806.0;pagerank;588.8;36.8;6
811.0;pagerank;32.0;27.2;6
816.0;pagerank;60.8;164.8;6
821.0;pagerank;395.2;734.4;6
826.0;pagerank;683.2;220.8;6
831.0;pagerank;441.6;120.0;6
836.0;pagerank;4316.8;51.2;6
841.0;pagerank;20.8;28.8;6
846.0;pagerank;174.4;156.8;6
851.0;pagerank;16.0;520.0;6
856.0;pagerank;4.8;505.6;6
861.0;pagerank;20.8;108.8;6
866.0;pagerank;134.4;30.4;6
871.0;pagerank;14.4;27.2;6
876.0;pagerank;3.2;145.6;6
881.0;pagerank;1230.4;638.4;6
886.0;pagerank;33.6;14.4;6
891.0;pagerank;8.0;75.2;6
896.0;pagerank;584.0;51.2;6
901.0;pagerank;278.4;32.0;6
906.0;pagerank;115.2;444.8;6
911.0;pagerank;76.8;313.6;6
916.0;pagerank;1014.4;300.8;6
921.0;pagerank;25.6;32.0;6
926.0;pagerank;176.0;88.0;6
931.0;pagerank;30.4;25.6;6
936.0;pagerank;6.4;30.4;6
941.0;pagerank;17.6;283.2;6
946.0;pagerank;100.8;28.8;6
951.0;pagerank;36.8;19.2;6
956.0;pagerank;200.0;347.2;6
961.0;pagerank;33.6;104.0;6
966.0;pagerank;273.6;25.6;6
971.0;pagerank;371.2;331.2;6
976.0;pagerank;75.2;579.2;6
981.0;pagerank;22.4;20.8;6
986.0;pagerank;289.6;115.2;6
0.0;pagerank;2865.6;241.6;7
5.0;pagerank;54.4;4948.8;7
10.0;pagerank;107.2;32.0;7
15.0;pagerank;4569.6;144.0;7
20.0;pagerank;4.8;46.4;7
25.0;pagerank;129.08;49.4;7
30.0;pagerank;846.4;507.2;7
35.0;pagerank;392.0;4798.4;7
40.0;pagerank;108.8;660.8;7
45.0;pagerank;1662.4;462.4;7
50.0;pagerank;1030.4;28.8;7
55.0;pagerank;284.8;246.4;7
60.0;pagerank;278.4;44.8;7
65.0;pagerank;986.83;427.94;7
70.0;pagerank;570.74;559.52;7
75.0;pagerank;27.2;172.8;7
80.0;pagerank;16.0;456.0;7
85.0;pagerank;14.4;56.0;7
90.0;pagerank;171.2;81.6;7
95.0;pagerank;307.2;176.0;7
100.0;pagerank;441.6;174.4;7
105.0;pagerank;72.0;81.6;7
110.0;pagerank;84.8;44.8;7
115.0;pagerank;488.0;728.0;7
120.0;pagerank;145.6;35.2;7
125.0;pagerank;134.4;443.2;7
130.0;pagerank;78.4;46.4;7
135.0;pagerank;163.2;49.6;7
140.0;pagerank;326.4;19.2;7
145.0;pagerank;646.4;1126.4;7
150.0;pagerank;572.8;32.0;7
155.0;pagerank;160.0;200.0;7
160.0;pagerank;75.2;584.0;7
165.0;pagerank;52.8;17.6;7
170.0;pagerank;81.6;11.2;7
175.0;pagerank;355.2;777.6;7
180.0;pagerank;44.8;27.2;7
185.0;pagerank;148.5;62.28;7
190.0;pagerank;4497.6;464.0;7
195.0;pagerank;244.8;91.2;7
200.0;pagerank;28.8;148.8;7
205.0;pagerank;20.8;150.4;7
210.0;pagerank;25.6;107.2;7
215.0;pagerank;110.4;27.2;7
220.0;pagerank;41.6;510.4;7
225.0;pagerank;75.2;265.6;7
230.0;pagerank;291.2;491.2;7
235.0;pagerank;76.8;195.2;7
240.0;pagerank;19.2;40.0;7
245.0;pagerank;132.8;110.4;7
250.0;pagerank;1.6;145.6;7
255.0;pagerank;2305.6;219.2;7
260.0;pagerank;27.2;27.2;7
265.0;pagerank;27.2;600.0;7
270.0;pagerank;17.6;25.6;7
275.0;pagerank;102.4;9.6;7
280.0;pagerank;11.2;633.6;7
285.0;pagerank;23.95;43.11;7
290.0;pagerank;55.89;150.1;7
295.0;pagerank;97.6;142.4;7
300.0;pagerank;2939.2;144.0;7
305.0;pagerank;318.4;441.6;7
310.0;pagerank;94.4;193.6;7
315.0;pagerank;33.6;484.8;7
320.0;pagerank;17.6;44.8;7
325.0;pagerank;19.2;25.6;7
330.0;pagerank;584.0;278.4;7
335.0;pagerank;16.0;100.8;7
340.0;pagerank;112.0;17.6;7
345.0;pagerank;56.0;150.4;7
350.0;pagerank;1054.4;163.2;7
355.0;pagerank;331.2;321.6;7
360.0;pagerank;1083.2;139.2;7
365.0;pagerank;94.4;235.2;7
370.0;pagerank;483.2;56.0;7
375.0;pagerank;1.6;27.2;7
380.0;pagerank;8.0;515.2;7
385.0;pagerank;328.0;235.2;7
390.0;pagerank;19.2;148.8;7
395.0;pagerank;6.4;60.8;7
400.0;pagerank;164.8;582.4;7
405.0;pagerank;120.0;36.8;7
411.0;pagerank;79.84;43.11;7
416.0;pagerank;193.6;251.2;7
421.0;pagerank;99.2;4550.4;7
426.0;pagerank;1056.0;14254.4;7
431.0;pagerank;1080.0;228.8;7
436.0;pagerank;32.0;56.0;7
441.0;pagerank;48.0;22.4;7
446.0;pagerank;501.4;31.94;7
451.0;pagerank;12.8;30.4;7
456.0;pagerank;139.2;230.4;7
461.0;pagerank;81.6;424.0;7
466.0;pagerank;81.6;27.2;7
471.0;pagerank;116.8;435.2;7
476.0;pagerank;185.6;49.6;7
481.0;pagerank;75.2;32.0;7
486.0;pagerank;57.6;193.6;7
491.0;pagerank;102.4;262.4;7
496.0;pagerank;1265.6;934.4;7
501.0;pagerank;80.0;32.0;7
506.0;pagerank;172.8;190.4;7
511.0;pagerank;33.6;25.6;7
516.0;pagerank;17.6;48.0;7
521.0;pagerank;80.0;689.6;7
526.0;pagerank;1411.2;867.2;7
531.0;pagerank;1176.0;134.4;7
536.0;pagerank;784.0;38.4;7
541.0;pagerank;67.2;14.4;7
546.0;pagerank;62.4;36.8;7
551.0;pagerank;49.6;172.8;7
556.0;pagerank;108.8;193.6;7
561.0;pagerank;62.4;646.4;7
566.0;pagerank;136.0;80.0;7
571.0;pagerank;22.4;12.8;7
576.0;pagerank;56.0;30.4;7
581.0;pagerank;51.2;148.8;7
586.0;pagerank;97.6;145.6;7
591.0;pagerank;56.0;62.4;7
596.0;pagerank;166.4;292.8;7
601.0;pagerank;46.4;88.0;7
606.0;pagerank;172.8;28.8;7
611.0;pagerank;27.2;592.0;7
616.0;pagerank;187.2;196.8;7
621.0;pagerank;1579.2;150.4;7
626.0;pagerank;339.2;54.4;7
631.0;pagerank;30.4;76.8;7
636.0;pagerank;441.6;73.6;7
641.0;pagerank;62.4;713.6;7
646.0;pagerank;95.81;33.53;7
651.0;pagerank;179.2;41.6;7
656.0;pagerank;142.4;608.0;7
661.0;pagerank;32.0;16.0;7
666.0;pagerank;89.6;124.8;7
671.0;pagerank;1488.0;302.4;7
676.0;pagerank;67.2;158.4;7
681.0;pagerank;128.0;262.4;7
686.0;pagerank;25.6;40.0;7
691.0;pagerank;52.8;17.6;7
696.0;pagerank;28.8;96.0;7
701.0;pagerank;67.2;145.6;7
706.0;pagerank;619.2;115.2;7
711.0;pagerank;234.73;178.84;7
716.0;pagerank;462.4;64.0;7
721.0;pagerank;44.8;427.2;7
726.0;pagerank;24.0;25.6;7
731.0;pagerank;68.8;1318.4;7
736.0;pagerank;78.4;198.4;7
741.0;pagerank;160.0;265.6;7
746.0;pagerank;3902.4;604.8;7
751.0;pagerank;56.0;436.8;7
756.0;pagerank;38.4;22.4;7
761.0;pagerank;148.8;651.2;7
766.0;pagerank;46.4;136.0;7
771.0;pagerank;172.8;36.8;7
776.0;pagerank;124.8;547.2;7
781.0;pagerank;24.0;1774.4;7
786.0;pagerank;1813.97;9901.8;7
791.0;pagerank;3487.43;3220.76;7
796.0;pagerank;5734.4;102.4;7
801.0;pagerank;201.6;19.2;7
806.0;pagerank;588.8;36.8;7
811.0;pagerank;32.0;27.2;7
816.0;pagerank;60.8;164.8;7
821.0;pagerank;395.2;734.4;7
826.0;pagerank;683.2;220.8;7
831.0;pagerank;441.6;120.0;7
836.0;pagerank;4316.8;51.2;7
841.0;pagerank;20.8;28.8;7
846.0;pagerank;174.4;156.8;7
851.0;pagerank;16.0;520.0;7
856.0;pagerank;4.8;505.6;7
861.0;pagerank;20.8;108.8;7
866.0;pagerank;134.4;30.4;7
871.0;pagerank;14.4;27.2;7
876.0;pagerank;3.2;145.6;7
881.0;pagerank;1230.4;638.4;7
886.0;pagerank;33.6;14.4;7
891.0;pagerank;8.0;75.2;7
896.0;pagerank;584.0;51.2;7
901.0;pagerank;278.4;32.0;7
906.0;pagerank;115.2;444.8;7
911.0;pagerank;76.8;313.6;7
916.0;pagerank;1014.4;300.8;7
921.0;pagerank;25.6;32.0;7
926.0;pagerank;176.0;88.0;7
931.0;pagerank;30.4;25.6;7
936.0;pagerank;6.4;30.4;7
941.0;pagerank;17.6;283.2;7
946.0;pagerank;100.8;28.8;7
951.0;pagerank;36.8;19.2;7
956.0;pagerank;200.0;347.2;7
961.0;pagerank;33.6;104.0;7
966.0;pagerank;273.6;25.6;7
971.0;pagerank;371.2;331.2;7
976.0;pagerank;75.2;579.2;7
981.0;pagerank;22.4;20.8;7
986.0;pagerank;289.6;115.2;7
0.0;terasort;2780.8;36.8;0
5.0;terasort;70.4;17.6;0
10.0;terasort;726.4;40.0;0
15.0;terasort;139.2;409.6;0
20.0;terasort;2147.2;368.0;0
25.0;terasort;3598.4;80.0;0
30.0;terasort;2187.2;94.4;0
35.0;terasort;596.8;454.4;0
40.0;terasort;108.8;25.6;0
45.0;terasort;1401.6;160.0;0
50.0;terasort;835.2;11700.8;0
55.0;terasort;4312.97;10483.03;0
60.0;terasort;811.2;4710.4;0
65.0;terasort;4296.0;48.0;0
70.0;terasort;4097.6;249.6;0
75.0;terasort;534.4;124.8;0
80.0;terasort;993.6;18331.2;0
85.0;terasort;1886.4;1934.4;0
90.0;terasort;2513.6;5584.0;0
95.0;terasort;996.8;36.8;0
100.0;terasort;1622.4;852.8;0
105.0;terasort;1348.8;184.0;0
110.0;terasort;100.8;14.4;0
115.0;terasort;4428.8;49.6;0
120.0;terasort;270.4;20.8;0
125.0;terasort;105.39;28.74;0
130.0;terasort;13155.2;1824.0;0
135.0;terasort;1790.4;6673.6;0
140.0;terasort;5889.02;41745.31;0
145.0;terasort;14862.4;11203.2;0
150.0;terasort;3673.6;80.0;0
155.0;terasort;2891.2;25.6;0
160.0;terasort;433.6;38.4;0
165.0;terasort;360.0;171.2;0
170.0;terasort;374.4;526.4;0
175.0;terasort;1537.6;203.2;0
180.0;terasort;1444.8;145.6;0
185.0;terasort;564.8;25.6;0
190.0;terasort;5238.4;49.6;0
195.0;terasort;196.8;32.0;0
200.0;terasort;281.6;704.0;0
205.0;terasort;94.4;136.0;0
210.0;terasort;75.2;67.2;0
215.0;terasort;873.6;75.2;0
220.0;terasort;59.2;638.4;0
225.0;terasort;289.6;28.8;0
230.0;terasort;318.4;228.8;0
235.0;terasort;329.6;30.4;0
240.0;terasort;137.6;281.6;0
245.0;terasort;732.8;52.8;0
250.0;terasort;1121.6;30.4;0
0.0;terasort;2780.8;36.8;1
5.0;terasort;70.4;17.6;1
10.0;terasort;726.4;40.0;1
15.0;terasort;139.2;409.6;1
20.0;terasort;2147.2;368.0;1
25.0;terasort;3598.4;80.0;1
30.0;terasort;2187.2;94.4;1
35.0;terasort;596.8;454.4;1
40.0;terasort;108.8;25.6;1
45.0;terasort;1401.6;160.0;1
50.0;terasort;835.2;11700.8;1
55.0;terasort;4312.97;10483.03;1
60.0;terasort;811.2;4710.4;1
65.0;terasort;4296.0;48.0;1
70.0;terasort;4097.6;249.6;1
75.0;terasort;534.4;124.8;1
80.0;terasort;993.6;18331.2;1
85.0;terasort;1886.4;1934.4;1
90.0;terasort;2513.6;5584.0;1
95.0;terasort;996.8;36.8;1
100.0;terasort;1622.4;852.8;1
105.0;terasort;1348.8;184.0;1
110.0;terasort;100.8;14.4;1
115.0;terasort;4428.8;49.6;1
120.0;terasort;270.4;20.8;1
125.0;terasort;105.39;28.74;1
130.0;terasort;13155.2;1824.0;1
135.0;terasort;1790.4;6673.6;1
140.0;terasort;5889.02;41745.31;1
145.0;terasort;14862.4;11203.2;1
150.0;terasort;3673.6;80.0;1
155.0;terasort;2891.2;25.6;1
160.0;terasort;433.6;38.4;1
165.0;terasort;360.0;171.2;1
170.0;terasort;374.4;526.4;1
175.0;terasort;1537.6;203.2;1
180.0;terasort;1444.8;145.6;1
185.0;terasort;564.8;25.6;1
190.0;terasort;5238.4;49.6;1
195.0;terasort;196.8;32.0;1
200.0;terasort;281.6;704.0;1
205.0;terasort;94.4;136.0;1
210.0;terasort;75.2;67.2;1
215.0;terasort;873.6;75.2;1
220.0;terasort;59.2;638.4;1
225.0;terasort;289.6;28.8;1
230.0;terasort;318.4;228.8;1
235.0;terasort;329.6;30.4;1
240.0;terasort;137.6;281.6;1
245.0;terasort;732.8;52.8;1
250.0;terasort;1121.6;30.4;1
0.0;terasort;2780.8;36.8;2
5.0;terasort;70.4;17.6;2
10.0;terasort;726.4;40.0;2
15.0;terasort;139.2;409.6;2
20.0;terasort;2147.2;368.0;2
25.0;terasort;3598.4;80.0;2
30.0;terasort;2187.2;94.4;2
35.0;terasort;596.8;454.4;2
40.0;terasort;108.8;25.6;2
45.0;terasort;1401.6;160.0;2
50.0;terasort;835.2;11700.8;2
55.0;terasort;4312.97;10483.03;2
60.0;terasort;811.2;4710.4;2
65.0;terasort;4296.0;48.0;2
70.0;terasort;4097.6;249.6;2
75.0;terasort;534.4;124.8;2
80.0;terasort;993.6;18331.2;2
85.0;terasort;1886.4;1934.4;2
90.0;terasort;2513.6;5584.0;2
95.0;terasort;996.8;36.8;2
100.0;terasort;1622.4;852.8;2
105.0;terasort;1348.8;184.0;2
110.0;terasort;100.8;14.4;2
115.0;terasort;4428.8;49.6;2
120.0;terasort;270.4;20.8;2
125.0;terasort;105.39;28.74;2
130.0;terasort;13155.2;1824.0;2
135.0;terasort;1790.4;6673.6;2
140.0;terasort;5889.02;41745.31;2
145.0;terasort;14862.4;11203.2;2
150.0;terasort;3673.6;80.0;2
155.0;terasort;2891.2;25.6;2
160.0;terasort;433.6;38.4;2
165.0;terasort;360.0;171.2;2
170.0;terasort;374.4;526.4;2
175.0;terasort;1537.6;203.2;2
180.0;terasort;1444.8;145.6;2
185.0;terasort;564.8;25.6;2
190.0;terasort;5238.4;49.6;2
195.0;terasort;196.8;32.0;2
200.0;terasort;281.6;704.0;2
205.0;terasort;94.4;136.0;2
210.0;terasort;75.2;67.2;2
215.0;terasort;873.6;75.2;2
220.0;terasort;59.2;638.4;2
225.0;terasort;289.6;28.8;2
230.0;terasort;318.4;228.8;2
235.0;terasort;329.6;30.4;2
240.0;terasort;137.6;281.6;2
245.0;terasort;732.8;52.8;2
250.0;terasort;1121.6;30.4;2
0.0;terasort;2780.8;36.8;3
5.0;terasort;70.4;17.6;3
10.0;terasort;726.4;40.0;3
15.0;terasort;139.2;409.6;3
20.0;terasort;2147.2;368.0;3
25.0;terasort;3598.4;80.0;3
30.0;terasort;2187.2;94.4;3
35.0;terasort;596.8;454.4;3
40.0;terasort;108.8;25.6;3
45.0;terasort;1401.6;160.0;3
50.0;terasort;835.2;11700.8;3
55.0;terasort;4312.97;10483.03;3
60.0;terasort;811.2;4710.4;3
65.0;terasort;4296.0;48.0;3
70.0;terasort;4097.6;249.6;3
75.0;terasort;534.4;124.8;3
80.0;terasort;993.6;18331.2;3
85.0;terasort;1886.4;1934.4;3
90.0;terasort;2513.6;5584.0;3
95.0;terasort;996.8;36.8;3
100.0;terasort;1622.4;852.8;3
105.0;terasort;1348.8;184.0;3
110.0;terasort;100.8;14.4;3
115.0;terasort;4428.8;49.6;3
120.0;terasort;270.4;20.8;3
125.0;terasort;105.39;28.74;3
130.0;terasort;13155.2;1824.0;3
135.0;terasort;1790.4;6673.6;3
140.0;terasort;5889.02;41745.31;3
145.0;terasort;14862.4;11203.2;3
150.0;terasort;3673.6;80.0;3
155.0;terasort;2891.2;25.6;3
160.0;terasort;433.6;38.4;3
165.0;terasort;360.0;171.2;3
170.0;terasort;374.4;526.4;3
175.0;terasort;1537.6;203.2;3
180.0;terasort;1444.8;145.6;3
185.0;terasort;564.8;25.6;3
190.0;terasort;5238.4;49.6;3
195.0;terasort;196.8;32.0;3
200.0;terasort;281.6;704.0;3
205.0;terasort;94.4;136.0;3
210.0;terasort;75.2;67.2;3
215.0;terasort;873.6;75.2;3
220.0;terasort;59.2;638.4;3
225.0;terasort;289.6;28.8;3
230.0;terasort;318.4;228.8;3
235.0;terasort;329.6;30.4;3
240.0;terasort;137.6;281.6;3
245.0;terasort;732.8;52.8;3
250.0;terasort;1121.6;30.4;3
0.0;terasort;2780.8;36.8;4
5.0;terasort;70.4;17.6;4
10.0;terasort;726.4;40.0;4
15.0;terasort;139.2;409.6;4
20.0;terasort;2147.2;368.0;4
25.0;terasort;3598.4;80.0;4
30.0;terasort;2187.2;94.4;4
35.0;terasort;596.8;454.4;4
40.0;terasort;108.8;25.6;4
45.0;terasort;1401.6;160.0;4
50.0;terasort;835.2;11700.8;4
55.0;terasort;4312.97;10483.03;4
60.0;terasort;811.2;4710.4;4
65.0;terasort;4296.0;48.0;4
70.0;terasort;4097.6;249.6;4
75.0;terasort;534.4;124.8;4
80.0;terasort;993.6;18331.2;4
85.0;terasort;1886.4;1934.4;4
90.0;terasort;2513.6;5584.0;4
95.0;terasort;996.8;36.8;4
100.0;terasort;1622.4;852.8;4
105.0;terasort;1348.8;184.0;4
110.0;terasort;100.8;14.4;4
115.0;terasort;4428.8;49.6;4
120.0;terasort;270.4;20.8;4
125.0;terasort;105.39;28.74;4
130.0;terasort;13155.2;1824.0;4
135.0;terasort;1790.4;6673.6;4
140.0;terasort;5889.02;41745.31;4
145.0;terasort;14862.4;11203.2;4
150.0;terasort;3673.6;80.0;4
155.0;terasort;2891.2;25.6;4
160.0;terasort;433.6;38.4;4
165.0;terasort;360.0;171.2;4
170.0;terasort;374.4;526.4;4
175.0;terasort;1537.6;203.2;4
180.0;terasort;1444.8;145.6;4
185.0;terasort;564.8;25.6;4
190.0;terasort;5238.4;49.6;4
195.0;terasort;196.8;32.0;4
200.0;terasort;281.6;704.0;4
205.0;terasort;94.4;136.0;4
210.0;terasort;75.2;67.2;4
215.0;terasort;873.6;75.2;4
220.0;terasort;59.2;638.4;4
225.0;terasort;289.6;28.8;4
230.0;terasort;318.4;228.8;4
235.0;terasort;329.6;30.4;4
240.0;terasort;137.6;281.6;4
245.0;terasort;732.8;52.8;4
250.0;terasort;1121.6;30.4;4
0.0;terasort;2780.8;36.8;5
5.0;terasort;70.4;17.6;5
10.0;terasort;726.4;40.0;5
15.0;terasort;139.2;409.6;5
20.0;terasort;2147.2;368.0;5
25.0;terasort;3598.4;80.0;5
30.0;terasort;2187.2;94.4;5
35.0;terasort;596.8;454.4;5
40.0;terasort;108.8;25.6;5
45.0;terasort;1401.6;160.0;5
50.0;terasort;835.2;11700.8;5
55.0;terasort;4312.97;10483.03;5
60.0;terasort;811.2;4710.4;5
65.0;terasort;4296.0;48.0;5
70.0;terasort;4097.6;249.6;5
75.0;terasort;534.4;124.8;5
80.0;terasort;993.6;18331.2;5
85.0;terasort;1886.4;1934.4;5
90.0;terasort;2513.6;5584.0;5
95.0;terasort;996.8;36.8;5
100.0;terasort;1622.4;852.8;5
105.0;terasort;1348.8;184.0;5
110.0;terasort;100.8;14.4;5
115.0;terasort;4428.8;49.6;5
120.0;terasort;270.4;20.8;5
125.0;terasort;105.39;28.74;5
130.0;terasort;13155.2;1824.0;5
135.0;terasort;1790.4;6673.6;5
140.0;terasort;5889.02;41745.31;5
145.0;terasort;14862.4;11203.2;5
150.0;terasort;3673.6;80.0;5
155.0;terasort;2891.2;25.6;5
160.0;terasort;433.6;38.4;5
165.0;terasort;360.0;171.2;5
170.0;terasort;374.4;526.4;5
175.0;terasort;1537.6;203.2;5
180.0;terasort;1444.8;145.6;5
185.0;terasort;564.8;25.6;5
190.0;terasort;5238.4;49.6;5
195.0;terasort;196.8;32.0;5
200.0;terasort;281.6;704.0;5
205.0;terasort;94.4;136.0;5
210.0;terasort;75.2;67.2;5
215.0;terasort;873.6;75.2;5
220.0;terasort;59.2;638.4;5
225.0;terasort;289.6;28.8;5
230.0;terasort;318.4;228.8;5
235.0;terasort;329.6;30.4;5
240.0;terasort;137.6;281.6;5
245.0;terasort;732.8;52.8;5
250.0;terasort;1121.6;30.4;5
0.0;terasort;2780.8;36.8;6
5.0;terasort;70.4;17.6;6
10.0;terasort;726.4;40.0;6
15.0;terasort;139.2;409.6;6
20.0;terasort;2147.2;368.0;6
25.0;terasort;3598.4;80.0;6
30.0;terasort;2187.2;94.4;6
35.0;terasort;596.8;454.4;6
40.0;terasort;108.8;25.6;6
45.0;terasort;1401.6;160.0;6
50.0;terasort;835.2;11700.8;6
55.0;terasort;4312.97;10483.03;6
60.0;terasort;811.2;4710.4;6
65.0;terasort;4296.0;48.0;6
70.0;terasort;4097.6;249.6;6
75.0;terasort;534.4;124.8;6
80.0;terasort;993.6;18331.2;6
85.0;terasort;1886.4;1934.4;6
90.0;terasort;2513.6;5584.0;6
95.0;terasort;996.8;36.8;6
100.0;terasort;1622.4;852.8;6
105.0;terasort;1348.8;184.0;6
110.0;terasort;100.8;14.4;6
115.0;terasort;4428.8;49.6;6
120.0;terasort;270.4;20.8;6
125.0;terasort;105.39;28.74;6
130.0;terasort;13155.2;1824.0;6
135.0;terasort;1790.4;6673.6;6
140.0;terasort;5889.02;41745.31;6
145.0;terasort;14862.4;11203.2;6
150.0;terasort;3673.6;80.0;6
155.0;terasort;2891.2;25.6;6
160.0;terasort;433.6;38.4;6
165.0;terasort;360.0;171.2;6
170.0;terasort;374.4;526.4;6
175.0;terasort;1537.6;203.2;6
180.0;terasort;1444.8;145.6;6
185.0;terasort;564.8;25.6;6
190.0;terasort;5238.4;49.6;6
195.0;terasort;196.8;32.0;6
200.0;terasort;281.6;704.0;6
205.0;terasort;94.4;136.0;6
210.0;terasort;75.2;67.2;6
215.0;terasort;873.6;75.2;6
220.0;terasort;59.2;638.4;6
225.0;terasort;289.6;28.8;6
230.0;terasort;318.4;228.8;6
235.0;terasort;329.6;30.4;6
240.0;terasort;137.6;281.6;6
245.0;terasort;732.8;52.8;6
250.0;terasort;1121.6;30.4;6
0.0;terasort;2780.8;36.8;7
5.0;terasort;70.4;17.6;7
10.0;terasort;726.4;40.0;7
15.0;terasort;139.2;409.6;7
20.0;terasort;2147.2;368.0;7
25.0;terasort;3598.4;80.0;7
30.0;terasort;2187.2;94.4;7
35.0;terasort;596.8;454.4;7
40.0;terasort;108.8;25.6;7
45.0;terasort;1401.6;160.0;7
50.0;terasort;835.2;11700.8;7
55.0;terasort;4312.97;10483.03;7
60.0;terasort;811.2;4710.4;7
65.0;terasort;4296.0;48.0;7
70.0;terasort;4097.6;249.6;7
75.0;terasort;534.4;124.8;7
80.0;terasort;993.6;18331.2;7
85.0;terasort;1886.4;1934.4;7
90.0;terasort;2513.6;5584.0;7
95.0;terasort;996.8;36.8;7
100.0;terasort;1622.4;852.8;7
105.0;terasort;1348.8;184.0;7
110.0;terasort;100.8;14.4;7
115.0;terasort;4428.8;49.6;7
120.0;terasort;270.4;20.8;7
125.0;terasort;105.39;28.74;7
130.0;terasort;13155.2;1824.0;7
135.0;terasort;1790.4;6673.6;7
140.0;terasort;5889.02;41745.31;7
145.0;terasort;14862.4;11203.2;7
150.0;terasort;3673.6;80.0;7
155.0;terasort;2891.2;25.6;7
160.0;terasort;433.6;38.4;7
165.0;terasort;360.0;171.2;7
170.0;terasort;374.4;526.4;7
175.0;terasort;1537.6;203.2;7
180.0;terasort;1444.8;145.6;7
185.0;terasort;564.8;25.6;7
190.0;terasort;5238.4;49.6;7
195.0;terasort;196.8;32.0;7
200.0;terasort;281.6;704.0;7
205.0;terasort;94.4;136.0;7
210.0;terasort;75.2;67.2;7
215.0;terasort;873.6;75.2;7
220.0;terasort;59.2;638.4;7
225.0;terasort;289.6;28.8;7
230.0;terasort;318.4;228.8;7
235.0;terasort;329.6;30.4;7
240.0;terasort;137.6;281.6;7
245.0;terasort;732.8;52.8;7
250.0;terasort;1121.6;30.4;7
